invoice_id,customer_id,product_location_id,quantity,unit_price,markup_amount,total,date,time,payment,rating
750-67-8428,1,1,7,74.69,26.1415,548.9715,2019-01-05,13:08,Ewallet,9.1
226-31-3081,2,2,5,15.28,3.82,80.22,2019-03-08,10:29,Cash,9.6
631-41-3108,3,3,7,46.33,16.2155,340.5255,2019-03-03,13:23,Credit card,7.4
123-19-1176,4,1,8,58.22,23.288,489.048,2019-01-27,20:33,Ewallet,8.4
373-73-7910,3,4,7,86.31,30.2085,634.3785,2019-02-08,10:37,Ewallet,5.3
699-14-3026,3,2,7,85.39,29.8865,627.6165,2019-03-25,18:30,Ewallet,4.1
355-53-5943,1,5,6,68.84,20.652,433.692,2019-02-25,14:36,Ewallet,5.8
315-22-5665,2,6,10,73.56,36.78,772.38,2019-02-24,11:38,Ewallet,8
665-32-9167,1,1,2,36.26,3.626,76.146,2019-01-10,17:15,Credit card,7.2
692-92-5582,1,7,3,54.84,8.226,172.746,2019-02-20,13:27,Credit card,5.9
351-62-0822,1,8,4,14.48,2.896,60.816,2019-02-06,18:07,Ewallet,4.5
529-56-3974,4,9,4,25.51,5.102,107.142,2019-03-09,17:03,Cash,6.8
365-64-0515,2,5,5,46.95,11.7375,246.4875,2019-02-12,10:25,Ewallet,7.1
252-56-2699,3,10,10,43.19,21.595,453.495,2019-02-07,16:48,Ewallet,8.2
829-34-3910,2,1,10,71.38,35.69,749.49,2019-03-29,19:21,Cash,5.7
299-46-1805,1,11,6,93.72,28.116,590.436,2019-01-15,16:19,Cash,4.5
656-95-9349,1,1,7,68.93,24.1255,506.6355,2019-03-11,11:03,Credit card,4.6
765-26-6951,3,4,6,72.61,21.783,457.443,2019-01-01,10:39,Credit card,6.9
329-62-1586,3,10,3,54.67,8.2005,172.2105,2019-01-21,18:00,Credit card,8.6
319-50-3348,2,12,2,40.3,4.03,84.63,2019-03-11,15:30,Ewallet,4.4
300-71-4605,4,2,5,86.04,21.51,451.71,2019-02-25,11:24,Ewallet,4.8
371-85-5789,3,13,3,87.98,13.197,277.137,2019-03-05,10:40,Ewallet,5.1
273-16-6619,3,12,2,33.2,3.32,69.72,2019-03-15,12:20,Credit card,4.4
636-48-8204,3,5,5,34.56,8.64,181.44,2019-02-17,11:15,Ewallet,9.9
549-59-1358,4,4,3,88.63,13.2945,279.1845,2019-03-02,17:36,Ewallet,6
227-03-5010,1,3,8,52.59,21.036,441.756,2019-03-22,19:20,Credit card,8.5
649-29-6775,3,8,1,33.52,1.676,35.196,2019-02-08,15:31,Cash,6.7
189-17-4241,2,14,2,87.67,8.767,184.107,2019-03-10,12:17,Credit card,7.7
145-94-9061,2,7,5,88.36,22.09,463.89,2019-01-25,19:48,Cash,9.6
848-62-7243,3,1,9,24.89,11.2005,235.2105,2019-03-15,15:36,Cash,7.4
871-79-8483,3,8,5,94.13,23.5325,494.1825,2019-02-25,19:39,Credit card,4.8
149-71-6266,4,11,9,78.07,35.1315,737.7615,2019-01-28,12:43,Cash,4.5
640-49-2076,3,11,8,83.78,33.512,703.752,2019-01-10,14:49,Cash,5.1
595-11-5460,3,1,2,96.58,9.658,202.818,2019-03-15,10:12,Credit card,5.1
183-56-6882,1,15,4,99.42,19.884,417.564,2019-02-06,10:42,Ewallet,7.5
232-16-2483,1,16,1,68.12,3.406,71.526,2019-01-07,12:28,Ewallet,6.8
129-29-8530,4,4,5,62.62,15.655,328.755,2019-03-10,19:15,Ewallet,7
272-65-1806,2,5,9,60.88,27.396,575.316,2019-01-15,17:17,Ewallet,4.7
333-73-7901,2,17,8,54.92,21.968,461.328,2019-03-23,13:24,Ewallet,7.6
777-82-7220,4,12,8,30.12,12.048,253.008,2019-03-03,13:01,Cash,7.7
280-35-5823,1,12,1,86.72,4.336,91.056,2019-01-17,18:45,Ewallet,7.9
554-53-8700,4,6,2,56.11,5.611,117.831,2019-02-02,10:11,Cash,6.3
354-25-5821,1,11,6,69.12,20.736,435.456,2019-02-08,13:03,Cash,5.6
228-96-1411,1,15,8,98.7,39.48,829.08,2019-03-04,20:39,Cash,7.6
617-15-4209,4,17,2,15.37,1.537,32.277,2019-03-16,19:47,Cash,7.2
132-32-9879,1,9,4,93.96,18.792,394.632,2019-03-09,18:00,Cash,9.5
370-41-7321,4,13,9,56.69,25.5105,535.7205,2019-02-27,17:24,Credit card,8.4
727-46-3608,1,7,9,20.01,9.0045,189.0945,2019-02-06,15:47,Ewallet,4.1
669-54-1719,4,9,6,18.93,5.679,119.259,2019-02-10,12:45,Credit card,8.1
574-22-5561,1,18,10,82.63,41.315,867.615,2019-03-19,17:08,Ewallet,7.9
326-78-5178,4,15,7,91.4,31.99,671.79,2019-02-03,10:19,Cash,9.5
162-48-8011,1,10,5,44.59,11.1475,234.0975,2019-02-10,15:10,Cash,8.5
616-24-2851,1,8,4,17.87,3.574,75.054,2019-03-22,14:42,Ewallet,6.5
778-71-5554,4,18,1,15.43,0.7715,16.2015,2019-01-25,15:46,Credit card,6.1
242-55-6721,3,12,2,16.16,1.616,33.936,2019-03-07,11:49,Ewallet,6.5
399-46-5918,2,2,8,85.98,34.392,722.232,2019-02-28,19:01,Cash,8.2
106-35-6779,4,3,2,44.34,4.434,93.114,2019-03-27,11:26,Cash,5.8
635-40-6220,3,1,8,89.6,35.84,752.64,2019-02-07,11:28,Ewallet,6.6
817-48-8732,1,3,10,72.35,36.175,759.675,2019-01-20,15:55,Cash,5.4
120-06-4233,3,2,6,30.61,9.183,192.843,2019-03-12,20:36,Cash,9.3
285-68-5083,1,16,3,24.74,3.711,77.931,2019-02-15,17:47,Credit card,10
803-83-5989,3,6,6,55.73,16.719,351.099,2019-02-24,10:55,Ewallet,7
347-34-2234,1,11,9,55.07,24.7815,520.4115,2019-02-03,13:40,Ewallet,10
199-75-8169,4,4,10,15.81,7.905,166.005,2019-03-06,12:27,Credit card,8.6
853-23-2453,4,13,4,75.74,15.148,318.108,2019-02-14,14:35,Cash,7.6
877-22-3308,4,1,10,15.87,7.935,166.635,2019-03-13,16:40,Cash,5.8
838-78-4295,2,17,2,33.47,3.347,70.287,2019-02-10,15:43,Ewallet,6.7
109-28-2512,1,8,6,97.61,29.283,614.943,2019-01-07,15:01,Ewallet,9.9
232-11-3025,3,4,10,78.77,39.385,827.085,2019-01-24,10:04,Cash,6.4
382-03-4532,1,1,1,18.33,0.9165,19.2465,2019-02-02,18:50,Cash,4.3
393-65-2792,3,15,10,89.48,44.74,939.54,2019-01-06,12:46,Credit card,9.6
796-12-2025,3,18,10,62.12,31.06,652.26,2019-02-11,16:19,Cash,5.9
510-95-6347,1,7,3,48.52,7.278,152.838,2019-03-05,18:17,Ewallet,4
841-35-6630,2,2,6,75.91,22.773,478.233,2019-03-09,18:21,Cash,8.7
287-21-9091,3,3,9,74.67,33.6015,705.6315,2019-01-22,10:55,Ewallet,9.4
732-94-0499,2,2,10,41.65,20.825,437.325,2019-01-13,17:04,Credit card,5.4
263-10-3913,4,18,9,49.04,22.068,463.428,2019-01-09,14:20,Credit card,8.6
381-20-0914,1,14,9,20.01,9.0045,189.0945,2019-01-12,15:48,Credit card,5.7
829-49-1914,1,15,10,78.31,39.155,822.255,2019-03-05,16:24,Ewallet,6.6
756-01-7507,2,17,5,20.38,5.095,106.995,2019-01-22,18:56,Cash,6
870-72-4431,2,17,6,99.19,29.757,624.897,2019-01-21,14:42,Credit card,5.5
847-38-7188,2,7,3,96.68,14.502,304.542,2019-01-26,19:56,Ewallet,6.4
480-63-2856,3,15,8,19.25,7.7,161.7,2019-01-23,18:37,Ewallet,6.6
787-56-0757,1,15,4,80.36,16.072,337.512,2019-02-23,18:45,Credit card,8.3
360-39-5055,4,16,5,48.91,12.2275,256.7775,2019-03-09,10:17,Cash,6.6
730-50-9884,2,16,7,83.06,29.071,610.491,2019-03-05,14:31,Ewallet,4
362-58-8315,3,18,5,76.52,19.13,401.73,2019-03-25,10:23,Cash,9.9
633-44-8566,4,10,7,49.38,17.283,362.943,2019-03-27,20:35,Credit card,7.3
504-35-8843,3,4,1,42.47,2.1235,44.5935,2019-01-02,16:57,Cash,5.7
318-68-5053,2,13,6,76.99,23.097,485.037,2019-02-27,17:55,Cash,6.1
565-80-5980,1,6,4,47.38,9.476,198.996,2019-01-23,10:25,Cash,7.1
225-32-0908,2,16,10,44.86,22.43,471.03,2019-01-26,19:54,Ewallet,8.2
873-51-0671,1,4,7,21.98,7.693,161.553,2019-01-10,16:42,Ewallet,5.1
152-08-9985,4,13,9,64.36,28.962,608.202,2019-03-12,12:09,Credit card,8.6
512-91-0811,3,17,1,89.75,4.4875,94.2375,2019-02-06,20:05,Credit card,6.6
594-34-4444,3,5,1,97.16,4.858,102.018,2019-03-08,20:38,Ewallet,7.2
766-85-7061,3,13,10,87.87,43.935,922.635,2019-03-29,10:25,Ewallet,5.1
871-39-9221,2,2,6,12.45,3.735,78.435,2019-02-09,13:11,Cash,4.1
865-92-6136,3,10,3,52.75,7.9125,166.1625,2019-03-23,10:16,Ewallet,9.3
733-01-9107,3,12,6,82.7,24.81,521.01,2019-03-05,18:14,Cash,7.4
163-56-7055,4,18,1,48.71,2.4355,51.1455,2019-03-26,19:20,Cash,4.1
189-98-2939,3,18,9,78.55,35.3475,742.2975,2019-03-01,13:22,Cash,7.2
551-21-3069,2,2,9,23.07,10.3815,218.0115,2019-02-01,11:27,Cash,4.9
212-62-1842,3,10,6,58.26,17.478,367.038,2019-03-28,16:44,Cash,9.9
716-39-1409,3,13,7,30.35,10.6225,223.0725,2019-03-19,18:19,Cash,8
704-48-3927,4,5,10,88.67,44.335,931.035,2019-01-12,14:50,Ewallet,7.3
628-34-3388,3,18,6,27.38,8.214,172.494,2019-01-05,20:54,Credit card,7.9
630-74-5166,3,4,6,62.13,18.639,391.419,2019-03-22,20:19,Cash,7.4
588-01-7461,2,15,9,33.98,15.291,321.111,2019-03-24,10:43,Cash,4.2
861-77-0145,4,2,10,81.97,40.985,860.685,2019-03-03,14:30,Cash,9.2
479-26-8945,1,11,2,16.49,1.649,34.629,2019-02-05,11:32,Ewallet,4.6
210-67-5886,1,17,3,98.21,14.7315,309.3615,2019-02-05,10:41,Credit card,7.8
227-78-1148,2,8,7,72.84,25.494,535.374,2019-02-15,12:44,Cash,8.4
645-44-1170,4,3,9,58.07,26.1315,548.7615,2019-01-19,20:07,Ewallet,4.3
237-01-6122,1,6,9,80.79,36.3555,763.4655,2019-02-01,20:31,Credit card,9.5
225-98-1496,2,18,3,27.02,4.053,85.113,2019-03-02,13:01,Credit card,7.1
291-32-1427,4,8,5,21.94,5.485,115.185,2019-03-05,12:29,Ewallet,5.3
659-65-8956,4,8,1,51.36,2.568,53.928,2019-01-16,15:26,Ewallet,5.2
642-32-2990,2,10,10,10.96,5.48,115.08,2019-02-02,20:48,Ewallet,6
378-24-2715,3,12,2,53.44,5.344,112.224,2019-01-20,20:38,Ewallet,4.1
638-60-7125,2,5,8,99.56,39.824,836.304,2019-02-14,17:03,Credit card,5.2
659-36-1684,4,16,7,57.12,19.992,419.832,2019-01-12,12:02,Credit card,6.5
219-22-9386,4,11,9,99.96,44.982,944.622,2019-03-09,17:26,Credit card,4.2
336-78-2147,4,6,8,63.91,25.564,536.844,2019-03-13,19:52,Credit card,4.6
268-27-6179,1,8,8,56.47,22.588,474.348,2019-03-09,14:57,Ewallet,7.3
668-90-8900,2,3,7,93.69,32.7915,688.6215,2019-03-10,18:44,Credit card,4.5
870-54-3162,2,4,5,32.25,8.0625,169.3125,2019-01-27,13:26,Cash,9
189-08-9157,2,18,9,31.73,14.2785,299.8485,2019-01-08,16:17,Credit card,5.9
663-86-9076,1,15,8,68.54,27.416,575.736,2019-01-08,15:57,Ewallet,8.5
549-84-7482,2,11,9,90.28,40.626,853.146,2019-02-08,11:15,Ewallet,7.2
191-10-6171,2,8,7,39.62,13.867,291.207,2019-01-25,13:18,Cash,7.5
802-70-5316,1,4,6,92.13,27.639,580.419,2019-03-06,20:34,Cash,8.3
695-51-0018,2,11,4,34.84,6.968,146.328,2019-02-10,18:36,Cash,7.4
590-83-4591,4,9,6,87.45,26.235,550.935,2019-02-17,14:40,Credit card,8.8
483-71-1164,2,17,6,81.3,24.39,512.19,2019-03-08,16:43,Ewallet,5.3
597-78-7908,3,18,3,90.22,13.533,284.193,2019-02-18,19:39,Cash,6.2
700-81-1757,2,5,5,26.31,6.5775,138.1275,2019-01-18,20:59,Credit card,8.8
354-39-5160,1,3,6,34.42,10.326,216.846,2019-02-18,15:39,Cash,9.8
241-72-9525,3,11,10,51.91,25.955,545.055,2019-02-16,12:21,Cash,8.2
575-30-8091,3,4,8,72.5,29,609.0,2019-03-16,19:25,Ewallet,9.2
731-81-9469,1,16,10,89.8,44.9,942.9,2019-01-23,13:00,Credit card,5.4
280-17-4359,4,17,10,90.5,45.25,950.25,2019-01-25,13:48,Cash,8.1
338-65-2210,1,17,10,68.6,34.3,720.3,2019-02-05,19:57,Cash,9.1
488-25-4221,1,15,1,30.41,1.5205,31.9305,2019-02-22,10:36,Credit card,8.4
239-10-7476,2,3,6,77.95,23.385,491.085,2019-01-21,16:37,Ewallet,8
458-41-1477,2,17,6,46.26,13.878,291.438,2019-03-08,17:11,Credit card,9.5
685-64-1609,1,14,10,30.14,15.07,316.47,2019-02-10,12:28,Ewallet,9.2
568-90-5112,3,17,4,66.14,13.228,277.788,2019-03-19,12:46,Credit card,5.6
262-47-2794,4,12,8,71.86,28.744,603.624,2019-03-06,15:07,Credit card,6.2
238-49-0436,3,1,8,32.46,12.984,272.664,2019-03-27,13:48,Credit card,4.9
608-96-3517,1,8,4,91.54,18.308,384.468,2019-03-23,19:20,Credit card,4.8
584-86-7256,4,16,7,34.56,12.096,254.016,2019-03-11,16:07,Credit card,7.3
746-94-0204,3,14,9,83.24,37.458,786.618,2019-01-29,11:56,Credit card,7.4
214-17-6927,2,15,6,16.48,4.944,103.824,2019-02-07,18:23,Ewallet,9.9
400-89-4171,2,16,8,80.97,32.388,680.148,2019-01-28,13:05,Cash,9.3
782-95-9291,4,10,5,92.29,23.0725,484.5225,2019-02-20,15:55,Credit card,9
279-74-2924,4,9,1,72.17,3.6085,75.7785,2019-01-04,19:40,Cash,6.1
307-85-2293,3,12,5,50.28,12.57,263.97,2019-03-07,13:58,Ewallet,9.7
743-04-1105,4,13,9,97.22,43.749,918.729,2019-03-30,14:43,Ewallet,6
423-57-2993,3,11,6,93.39,28.017,588.357,2019-03-27,19:18,Ewallet,10
894-41-5205,2,15,8,43.18,17.272,362.712,2019-01-19,19:39,Credit card,8.3
275-28-0149,3,4,1,63.69,3.1845,66.8745,2019-02-25,16:21,Cash,6
101-17-6199,3,10,7,45.79,16.0265,336.5565,2019-03-13,19:44,Credit card,7
423-80-0988,3,16,2,76.4,7.64,160.44,2019-01-30,19:42,Ewallet,6.5
548-46-9322,3,7,10,39.9,19.95,418.95,2019-02-20,15:24,Credit card,5.9
505-02-0892,4,13,8,42.57,17.028,357.588,2019-02-25,14:12,Ewallet,5.6
234-65-2137,3,6,10,95.58,47.79,1003.59,2019-01-16,13:32,Cash,4.8
687-47-8271,3,14,10,98.98,49.49,1039.29,2019-02-08,16:20,Credit card,8.7
796-32-9050,3,10,6,51.28,15.384,323.064,2019-01-19,16:31,Cash,6.5
105-31-1824,4,4,7,69.52,24.332,510.972,2019-02-01,15:10,Credit card,8.5
249-42-3782,3,1,5,70.01,17.5025,367.5525,2019-01-03,11:36,Ewallet,5.5
316-55-4634,4,7,5,80.05,20.0125,420.2625,2019-01-26,12:45,Credit card,9.4
733-33-4967,3,2,8,20.85,8.34,175.14,2019-03-03,19:17,Cash,6.3
608-27-6295,4,9,6,52.89,15.867,333.207,2019-01-19,17:34,Credit card,9.8
414-12-7047,3,7,8,19.79,7.916,166.236,2019-01-18,12:04,Ewallet,8.7
827-26-2100,4,3,9,33.84,15.228,319.788,2019-03-21,16:21,Ewallet,8.8
175-54-2529,4,10,8,22.17,8.868,186.228,2019-03-03,17:01,Credit card,9.6
139-52-2867,2,18,7,22.51,7.8785,165.4485,2019-02-13,10:50,Credit card,4.8
407-63-8975,3,10,6,73.88,22.164,465.444,2019-03-23,19:16,Ewallet,4.4
342-65-4817,4,17,3,86.8,13.02,273.42,2019-01-28,16:47,Ewallet,9.9
130-98-8941,3,18,7,64.26,22.491,472.311,2019-02-09,10:00,Cash,5.7
434-83-9547,4,15,8,38.47,15.388,323.148,2019-01-23,11:51,Cash,7.7
851-28-6367,4,4,10,15.5,7.75,162.75,2019-03-23,10:55,Ewallet,8
824-88-3614,3,17,8,34.31,13.724,288.204,2019-01-25,15:00,Ewallet,5.7
586-25-0848,2,4,7,12.34,4.319,90.699,2019-03-04,11:19,Credit card,6.7
895-66-0685,4,7,3,18.08,2.712,56.952,2019-03-05,19:46,Ewallet,8
305-14-0245,1,12,8,94.49,37.796,793.716,2019-03-03,19:00,Ewallet,7.5
732-04-5373,4,12,4,46.47,9.294,195.174,2019-02-08,10:53,Cash,7
400-60-7251,3,3,1,74.07,3.7035,77.7735,2019-02-10,12:50,Ewallet,9.9
593-65-1552,2,6,4,69.81,13.962,293.202,2019-01-28,20:50,Credit card,5.9
284-34-9626,2,12,3,77.04,11.556,242.676,2019-02-11,10:39,Credit card,7.2
437-58-8131,2,8,2,73.52,7.352,154.392,2019-01-15,13:41,Ewallet,4.6
286-43-6208,2,15,9,87.8,39.51,829.71,2019-03-16,19:08,Cash,9.2
641-43-2399,3,12,4,25.55,5.11,107.31,2019-01-26,20:23,Ewallet,5.7
831-07-6050,3,5,5,32.71,8.1775,171.7275,2019-03-19,11:30,Credit card,9.9
556-86-3144,1,18,1,74.29,3.7145,78.0045,2019-01-13,19:30,Cash,5
848-24-9445,4,17,2,43.7,4.37,91.77,2019-03-26,18:03,Cash,4.9
856-22-8149,2,3,1,25.29,1.2645,26.5545,2019-03-23,10:13,Ewallet,6.1
699-01-4164,3,17,4,41.5,8.3,174.3,2019-03-12,19:58,Credit card,8.2
420-11-4919,1,15,5,71.39,17.8475,374.7975,2019-02-17,19:57,Credit card,5.5
606-80-4905,1,16,6,19.15,5.745,120.645,2019-01-29,10:01,Credit card,6.8
542-41-0513,1,9,4,57.49,11.498,241.458,2019-03-15,11:57,Cash,6.6
426-39-2418,3,2,7,61.41,21.4935,451.3635,2019-01-14,10:02,Cash,9.8
875-46-5808,4,13,10,25.9,12.95,271.95,2019-02-06,14:51,Ewallet,8.7
394-43-4238,4,12,5,17.77,4.4425,93.2925,2019-02-15,12:42,Credit card,5.4
749-24-1565,2,1,9,23.03,10.3635,217.6335,2019-01-03,12:02,Ewallet,7.9
672-51-8681,1,2,9,66.65,29.9925,629.8425,2019-01-04,18:19,Credit card,9.7
263-87-5680,1,6,10,28.53,14.265,299.565,2019-03-18,17:38,Ewallet,7.8
573-58-9734,2,8,3,30.37,4.5555,95.6655,2019-03-28,13:41,Ewallet,5.1
817-69-8206,2,9,9,99.73,44.8785,942.4485,2019-03-02,19:42,Credit card,6.5
888-02-0338,3,5,9,26.23,11.8035,247.8735,2019-01-25,20:24,Ewallet,5.9
677-11-0152,2,15,9,93.26,41.967,881.307,2019-01-16,18:08,Cash,8.8
142-63-6033,3,12,5,92.36,23.09,484.89,2019-03-20,19:17,Ewallet,4.9
656-16-1063,3,11,3,46.42,6.963,146.223,2019-01-04,13:24,Credit card,4.4
891-58-8335,1,11,7,29.61,10.3635,217.6335,2019-03-11,15:53,Cash,6.5
802-43-8934,3,3,1,18.28,0.914,19.194,2019-03-22,15:05,Credit card,8.3
560-30-5617,2,11,5,24.77,6.1925,130.0425,2019-03-24,18:27,Cash,8.5
319-74-2561,1,5,3,94.64,14.196,298.116,2019-02-21,16:55,Cash,5.5
549-03-9315,3,8,8,94.87,37.948,796.908,2019-02-12,12:58,Ewallet,8.7
790-29-1172,2,7,3,57.34,8.601,180.621,2019-03-10,18:59,Credit card,7.9
239-36-3640,3,9,6,45.35,13.605,285.705,2019-01-31,13:44,Ewallet,6.1
468-01-2051,3,7,7,62.08,21.728,456.288,2019-03-06,13:46,Ewallet,5.4
389-25-3394,3,2,5,11.81,2.9525,62.0025,2019-02-17,18:06,Cash,9.4
279-62-1445,1,18,1,12.54,0.627,13.167,2019-02-21,12:38,Cash,8.2
213-72-6612,3,10,2,43.25,4.325,90.825,2019-03-20,15:56,Cash,6.2
746-68-6593,1,16,2,87.16,8.716,183.036,2019-01-11,14:29,Credit card,9.7
836-82-5858,4,13,9,69.37,31.2165,655.5465,2019-01-26,19:14,Ewallet,4
583-72-1480,4,2,4,37.06,7.412,155.652,2019-01-31,16:24,Ewallet,9.7
466-61-5506,1,9,6,90.7,27.21,571.41,2019-02-26,10:52,Cash,5.3
721-86-6247,2,3,8,63.42,25.368,532.728,2019-03-11,12:55,Ewallet,7.4
289-65-5721,2,8,2,81.37,8.137,170.877,2019-01-26,19:28,Cash,6.5
545-46-3100,1,9,3,10.59,1.5885,33.3585,2019-03-12,13:52,Credit card,8.7
418-02-5978,2,13,9,84.09,37.8405,794.6505,2019-02-11,10:54,Cash,8
269-04-5750,4,8,4,73.82,14.764,310.044,2019-02-21,18:31,Cash,6.7
157-13-5295,4,1,10,51.94,25.97,545.37,2019-03-09,18:24,Ewallet,6.5
645-78-8093,2,4,2,93.14,9.314,195.594,2019-01-20,18:09,Ewallet,4.1
211-30-9270,3,17,5,17.41,4.3525,91.4025,2019-01-28,15:16,Credit card,4.9
755-12-3214,1,18,5,44.22,11.055,232.155,2019-03-05,17:07,Credit card,8.6
346-84-3103,1,9,5,13.22,3.305,69.405,2019-03-02,19:26,Cash,4.3
478-06-7835,3,14,1,89.69,4.4845,94.1745,2019-01-11,11:20,Ewallet,4.9
540-11-4336,3,10,9,24.94,11.223,235.683,2019-01-11,16:49,Credit card,5.6
448-81-5016,3,1,2,59.77,5.977,125.517,2019-03-11,12:01,Credit card,5.8
142-72-4741,4,18,2,93.2,9.32,195.72,2019-02-28,18:37,Credit card,6
217-58-1179,4,3,4,62.65,12.53,263.13,2019-01-05,11:25,Cash,4.2
376-02-8238,3,12,8,93.87,37.548,788.508,2019-02-02,18:42,Credit card,8.3
530-90-9855,4,3,8,47.59,19.036,399.756,2019-01-01,14:47,Cash,5.7
866-05-7563,1,9,3,81.4,12.21,256.41,2019-02-09,19:43,Cash,4.8
604-70-6476,4,14,5,17.94,4.485,94.185,2019-01-23,14:04,Ewallet,6.8
799-71-1548,4,5,4,77.72,15.544,326.424,2019-01-07,16:11,Credit card,8.8
785-13-7708,3,7,7,73.06,25.571,536.991,2019-01-14,19:06,Credit card,4.2
845-51-0542,4,7,9,46.55,20.9475,439.8975,2019-02-02,15:34,Ewallet,6.4
662-47-5456,4,18,10,35.19,17.595,369.495,2019-03-17,19:06,Credit card,8.4
883-17-4236,2,16,2,14.39,1.439,30.219,2019-03-02,19:44,Credit card,7.2
290-68-2984,3,3,4,23.75,4.75,99.75,2019-03-16,11:22,Cash,5.2
704-11-6354,4,3,8,58.9,23.56,494.76,2019-01-06,11:23,Cash,8.9
110-48-7033,4,8,4,32.62,6.524,137.004,2019-01-29,14:12,Cash,9
366-93-0948,4,5,1,66.35,3.3175,69.6675,2019-01-31,10:46,Credit card,9.7
729-09-9681,4,3,6,25.91,7.773,163.233,2019-02-05,10:16,Ewallet,8.7
151-16-1484,4,5,4,32.25,6.45,135.45,2019-02-13,12:38,Ewallet,6.5
380-94-4661,4,2,4,65.94,13.188,276.948,2019-02-07,13:05,Credit card,6.9
850-41-9669,2,5,9,75.06,33.777,709.317,2019-03-19,13:25,Ewallet,6.2
821-07-3596,2,18,4,16.45,3.29,69.09,2019-03-07,14:53,Ewallet,5.6
655-85-5130,1,8,4,38.3,7.66,160.86,2019-03-13,19:22,Cash,5.7
447-15-7839,1,4,10,22.24,11.12,233.52,2019-02-09,11:00,Cash,4.2
154-74-7179,3,11,1,54.45,2.7225,57.1725,2019-02-26,19:24,Ewallet,7.9
253-12-6086,1,4,7,98.4,34.44,723.24,2019-03-12,12:43,Credit card,8.7
808-65-0703,3,6,4,35.47,7.094,148.974,2019-03-14,17:22,Credit card,6.9
571-94-0759,1,7,10,74.6,37.3,783.3,2019-01-08,20:55,Cash,9.5
144-51-6085,4,3,4,70.74,14.148,297.108,2019-01-05,16:05,Credit card,4.4
731-14-2199,1,3,10,35.54,17.77,373.17,2019-01-04,13:34,Ewallet,7
783-09-1637,2,11,5,67.43,16.8575,354.0075,2019-03-06,18:13,Ewallet,6.3
687-15-1097,1,17,2,21.12,2.112,44.352,2019-01-03,19:17,Cash,9.7
126-54-1082,1,3,9,21.54,9.693,203.553,2019-01-07,11:44,Credit card,8.8
633-91-1052,2,3,2,12.03,1.203,25.263,2019-01-27,15:51,Cash,5.1
477-24-6490,2,13,6,99.71,29.913,628.173,2019-02-26,16:52,Ewallet,7.9
566-19-5475,3,8,7,47.97,16.7895,352.5795,2019-01-07,20:52,Cash,6.2
526-86-8552,1,6,10,21.82,10.91,229.11,2019-01-07,17:36,Cash,7.1
376-56-3573,2,18,4,95.42,19.084,400.764,2019-02-02,13:23,Ewallet,6.4
537-72-0426,4,18,10,70.99,35.495,745.395,2019-03-20,16:28,Cash,5.7
828-61-5674,4,4,10,44.02,22.01,462.21,2019-03-20,19:57,Credit card,9.6
136-08-6195,2,3,8,69.96,27.984,587.664,2019-02-15,17:01,Credit card,6.4
523-38-0215,3,6,1,37,1.85,38.85,2019-03-06,13:29,Credit card,7.9
490-29-1201,2,4,1,15.34,0.767,16.107,2019-01-06,11:09,Cash,6.5
667-92-0055,4,1,6,99.83,29.949,628.929,2019-03-04,15:02,Ewallet,8.5
565-17-3836,1,1,4,47.67,9.534,200.214,2019-03-12,14:21,Cash,9.1
498-41-1961,3,13,5,66.68,16.67,350.07,2019-02-20,18:01,Cash,7.6
593-95-4461,4,6,1,74.86,3.743,78.603,2019-03-24,14:49,Cash,6.9
226-71-3580,2,16,9,23.75,10.6875,224.4375,2019-01-31,12:02,Cash,9.5
283-79-9594,2,7,7,48.51,16.9785,356.5485,2019-01-25,13:30,Credit card,5.2
430-60-3493,1,3,7,94.88,33.208,697.368,2019-02-03,14:38,Cash,4.2
139-20-0155,4,9,10,40.3,20.15,423.15,2019-01-24,17:37,Credit card,7
558-80-4082,3,2,7,27.85,9.7475,204.6975,2019-03-14,17:20,Ewallet,6
278-97-7759,1,5,1,62.48,3.124,65.604,2019-02-18,20:29,Cash,4.7
316-68-6352,1,10,2,36.36,3.636,76.356,2019-01-21,10:00,Cash,7.1
585-03-5943,3,13,10,18.11,9.055,190.155,2019-03-13,11:46,Ewallet,5.9
211-05-0490,1,2,5,51.92,12.98,272.58,2019-03-03,13:42,Cash,7.5
727-75-6477,3,2,4,28.84,5.768,121.128,2019-03-29,14:44,Cash,6.4
744-02-5987,4,3,6,78.38,23.514,493.794,2019-01-10,14:16,Ewallet,5.8
307-83-9164,4,3,4,60.01,12.002,252.042,2019-01-25,15:54,Cash,4.5
779-06-0012,1,6,1,88.61,4.4305,93.0405,2019-01-19,10:21,Cash,7.7
446-47-6729,3,18,2,99.82,9.982,209.622,2019-01-02,18:09,Credit card,6.7
573-10-3877,4,13,1,39.01,1.9505,40.9605,2019-03-12,16:46,Credit card,4.7
735-06-4124,3,15,1,48.61,2.4305,51.0405,2019-02-25,15:31,Cash,4.4
439-54-7422,2,5,4,51.19,10.238,214.998,2019-03-18,17:15,Credit card,4.7
396-90-2219,2,9,8,14.96,5.984,125.664,2019-02-23,12:29,Cash,8.6
411-77-0180,4,5,7,72.2,25.27,530.67,2019-03-26,20:14,Ewallet,4.3
286-01-5402,2,4,7,40.23,14.0805,295.6905,2019-03-30,13:22,Cash,9.6
803-17-8013,1,3,8,88.79,35.516,745.836,2019-02-17,17:09,Cash,4.1
512-98-1403,1,5,3,26.48,3.972,83.412,2019-03-21,10:40,Ewallet,4.7
848-42-2560,2,14,2,81.91,8.191,172.011,2019-03-05,17:43,Cash,7.8
532-59-7201,4,11,6,79.93,23.979,503.559,2019-01-31,14:04,Cash,5.5
181-94-6432,4,18,2,69.33,6.933,145.593,2019-02-05,19:05,Ewallet,9.7
870-76-1733,1,10,5,14.23,3.5575,74.7075,2019-02-01,10:08,Credit card,4.4
423-64-4619,1,1,9,15.55,6.9975,146.9475,2019-03-07,13:12,Cash,5
227-07-4446,1,2,10,78.13,39.065,820.365,2019-02-10,20:51,Cash,4.4
174-36-3675,4,15,2,99.37,9.937,208.677,2019-02-14,17:29,Cash,5.2
428-83-5800,1,15,3,21.08,3.162,66.402,2019-02-09,10:25,Cash,7.3
603-07-0961,4,2,5,74.79,18.6975,392.6475,2019-01-10,11:34,Cash,4.9
704-20-4138,1,17,7,29.67,10.3845,218.0745,2019-03-11,18:58,Credit card,8.1
787-15-1757,4,17,4,44.07,8.814,185.094,2019-02-18,16:28,Ewallet,8.4
649-11-3678,2,15,9,22.93,10.3185,216.6885,2019-02-26,20:26,Cash,5.5
622-20-1945,2,17,1,39.42,1.971,41.391,2019-01-18,15:08,Cash,8.4
372-94-8041,3,1,6,15.26,4.578,96.138,2019-02-15,18:03,Ewallet,9.8
563-91-7120,2,14,5,61.77,15.4425,324.2925,2019-03-08,13:21,Cash,6.7
746-54-5508,3,3,6,21.52,6.456,135.576,2019-01-17,12:48,Credit card,9.4
276-54-0879,3,11,4,97.74,19.548,410.508,2019-03-12,19:53,Ewallet,6.4
815-11-1168,4,10,5,99.78,24.945,523.845,2019-03-09,19:09,Cash,5.4
719-76-3868,4,15,4,94.26,18.852,395.892,2019-03-12,16:30,Cash,8.6
730-61-8757,4,13,4,51.13,10.226,214.746,2019-01-25,10:11,Credit card,4
340-66-0321,4,5,4,36.36,7.272,152.712,2019-03-25,13:07,Cash,7.6
868-81-1752,3,12,9,22.02,9.909,208.089,2019-02-07,18:48,Cash,6.8
634-97-8956,3,10,3,32.9,4.935,103.635,2019-02-17,17:27,Credit card,9.1
566-71-1091,3,14,5,77.02,19.255,404.355,2019-02-03,15:59,Cash,5.5
442-48-3607,4,10,2,23.48,2.348,49.308,2019-03-14,11:21,Credit card,7.9
835-16-0096,4,16,5,14.7,3.675,77.175,2019-03-24,13:48,Ewallet,8.5
527-09-6272,1,5,5,28.45,7.1125,149.3625,2019-03-21,10:17,Credit card,9.1
898-04-2717,3,14,9,76.4,34.38,721.98,2019-03-19,15:49,Ewallet,7.5
692-27-8933,2,11,6,57.95,17.385,365.085,2019-02-24,13:02,Cash,5.2
633-09-3463,2,2,3,47.65,7.1475,150.0975,2019-03-28,12:58,Credit card,9.5
374-17-3652,1,7,9,42.82,19.269,404.649,2019-02-05,15:26,Credit card,8.9
378-07-7001,4,9,3,48.09,7.2135,151.4835,2019-02-10,18:23,Credit card,7.8
433-75-6987,1,13,7,55.97,19.5895,411.3795,2019-03-05,19:06,Ewallet,8.9
873-95-4984,1,13,7,76.9,26.915,565.215,2019-02-15,20:21,Cash,7.7
416-13-5917,2,15,5,97.03,24.2575,509.4075,2019-01-30,16:24,Ewallet,9.3
150-89-8043,3,4,3,44.65,6.6975,140.6475,2019-02-14,15:04,Cash,6.2
135-84-8019,2,14,9,77.93,35.0685,736.4385,2019-02-27,16:10,Ewallet,7.6
441-94-7118,4,5,1,71.95,3.5975,75.5475,2019-02-04,12:14,Cash,7.3
725-96-3778,1,6,8,89.25,35.7,749.7,2019-01-20,10:13,Cash,4.7
531-80-1784,3,5,7,26.02,9.107,191.247,2019-03-28,17:38,Cash,5.1
400-45-1220,2,13,10,13.5,6.75,141.75,2019-02-27,11:06,Credit card,4.8
860-79-0874,1,18,10,99.3,49.65,1042.65,2019-02-15,14:53,Credit card,6.6
834-61-8124,3,5,7,51.69,18.0915,379.9215,2019-01-26,18:22,Cash,5.5
115-99-4379,1,8,7,54.73,19.1555,402.2655,2019-03-14,19:02,Credit card,8.5
565-67-6697,4,12,9,27,12.15,255.15,2019-03-02,14:16,Cash,4.8
320-49-6392,2,2,1,30.24,1.512,31.752,2019-03-04,15:44,Cash,8.4
889-04-9723,1,7,4,89.14,17.828,374.388,2019-01-07,12:20,Credit card,7.8
632-90-0281,2,18,10,37.55,18.775,394.275,2019-03-08,20:01,Credit card,9.3
554-42-2417,2,16,10,95.44,47.72,1002.12,2019-01-09,13:45,Cash,5.2
453-63-6187,3,9,3,27.5,4.125,86.625,2019-03-01,15:40,Ewallet,6.5
578-80-7669,3,11,1,74.97,3.7485,78.7185,2019-03-16,16:58,Cash,5.6
612-36-5536,4,10,8,80.96,32.384,680.064,2019-02-17,11:12,Credit card,7.4
605-72-4132,2,15,8,94.47,37.788,793.548,2019-02-27,15:12,Cash,9.1
471-41-2823,3,15,2,99.79,9.979,209.559,2019-03-07,20:37,Ewallet,8
462-67-9126,3,3,6,73.22,21.966,461.286,2019-01-21,17:44,Cash,7.2
272-27-9238,2,15,4,41.24,8.248,173.208,2019-02-19,16:23,Cash,7.1
834-25-9262,2,18,4,81.68,16.336,343.056,2019-01-06,12:12,Cash,9.1
122-61-9553,2,2,9,51.32,23.094,484.974,2019-03-14,19:33,Cash,5.6
468-88-0009,4,3,4,65.94,13.188,276.948,2019-03-24,10:29,Cash,6
613-59-9758,2,16,10,14.36,7.18,150.78,2019-01-27,14:28,Cash,5.4
254-31-0042,4,5,9,21.5,9.675,203.175,2019-03-06,12:46,Credit card,7.8
201-86-2184,1,9,7,26.26,9.191,193.011,2019-02-02,19:40,Cash,9.9
261-12-8671,2,8,2,60.96,6.096,128.016,2019-01-25,19:39,Credit card,4.9
730-70-9830,2,6,6,70.11,21.033,441.693,2019-03-14,17:54,Ewallet,5.2
382-25-8917,3,18,6,42.08,12.624,265.104,2019-01-29,12:25,Cash,8.9
422-29-8786,2,3,5,67.09,16.7725,352.2225,2019-01-03,16:47,Credit card,9.1
667-23-5919,1,14,5,96.7,24.175,507.675,2019-01-14,12:52,Ewallet,7
843-01-4703,1,12,9,35.38,15.921,334.341,2019-01-05,19:50,Credit card,9.6
743-88-1662,3,16,7,95.49,33.4215,701.8515,2019-02-22,18:17,Ewallet,8.7
595-86-2894,4,18,4,96.98,19.396,407.316,2019-02-06,17:20,Ewallet,9.4
182-69-8360,2,9,4,23.65,4.73,99.33,2019-01-30,13:32,Credit card,4
289-15-7034,4,4,4,82.33,16.466,345.786,2019-01-11,10:37,Credit card,7.5
462-78-5240,2,2,2,26.61,2.661,55.881,2019-03-19,14:35,Cash,4.2
868-52-7573,2,7,5,99.69,24.9225,523.3725,2019-01-14,12:09,Cash,9.9
153-58-4872,1,15,4,74.89,14.978,314.538,2019-03-01,15:32,Ewallet,4.2
662-72-2873,2,10,5,40.94,10.235,214.935,2019-01-06,13:58,Ewallet,9.9
525-88-7307,4,11,1,75.82,3.791,79.611,2019-01-31,13:19,Cash,5.8
689-16-9784,3,15,6,46.77,14.031,294.651,2019-03-11,13:37,Cash,6
725-56-0833,2,1,10,32.32,16.16,339.36,2019-02-20,16:49,Credit card,10
394-41-0748,1,18,9,54.07,24.3315,510.9615,2019-01-27,14:55,Ewallet,9.5
596-42-3999,3,7,7,18.22,6.377,133.917,2019-03-10,14:04,Credit card,6.6
541-89-9860,1,18,3,80.48,12.072,253.512,2019-02-15,12:31,Cash,8.1
173-82-9529,2,8,10,37.95,18.975,398.475,2019-01-26,14:51,Cash,9.7
563-36-9814,4,5,1,76.82,3.841,80.661,2019-02-13,18:27,Ewallet,7.2
308-47-4913,1,4,10,52.26,26.13,548.73,2019-03-09,12:45,Credit card,6.2
885-17-6250,2,1,1,79.74,3.987,83.727,2019-03-06,10:36,Ewallet,7.3
726-27-2396,2,1,5,77.5,19.375,406.875,2019-01-24,20:36,Ewallet,4.3
316-01-3952,2,10,5,54.27,13.5675,284.9175,2019-03-13,14:16,Ewallet,4.6
760-54-1821,3,12,9,13.59,6.1155,128.4255,2019-03-15,10:26,Cash,5.8
793-10-3222,1,13,6,41.06,12.318,258.678,2019-03-05,13:30,Credit card,8.3
346-12-3257,4,9,9,19.24,8.658,181.818,2019-03-04,16:28,Cash,8
110-05-6330,2,15,6,39.43,11.829,248.409,2019-03-25,20:18,Credit card,9.4
651-61-0874,3,6,4,46.22,9.244,194.124,2019-03-12,20:04,Credit card,6.2
236-86-3015,4,6,1,13.98,0.699,14.679,2019-02-04,13:38,Ewallet,9.8
831-64-0259,2,8,5,39.75,9.9375,208.6875,2019-02-22,10:43,Ewallet,9.6
587-03-7455,1,18,7,97.79,34.2265,718.7565,2019-02-16,17:30,Ewallet,4.9
882-40-4577,4,4,4,67.26,13.452,282.492,2019-01-19,15:28,Credit card,8
732-67-5346,3,10,5,13.79,3.4475,72.3975,2019-01-11,19:07,Credit card,7.8
725-32-9708,1,8,4,68.71,13.742,288.582,2019-01-04,19:01,Cash,4.1
256-08-8343,2,3,4,56.53,11.306,237.426,2019-03-04,19:48,Ewallet,5.5
372-26-1506,2,18,5,23.82,5.955,125.055,2019-01-28,19:24,Ewallet,5.4
244-08-0162,2,13,10,34.21,17.105,359.205,2019-01-02,13:00,Cash,5.1
569-71-4390,3,11,2,21.87,2.187,45.927,2019-01-25,14:29,Ewallet,6.9
132-23-6451,4,1,5,20.97,5.2425,110.0925,2019-01-04,13:21,Cash,7.8
696-90-2548,3,4,3,25.84,3.876,81.396,2019-03-10,18:55,Ewallet,6.6
472-15-9636,3,3,8,50.93,20.372,427.812,2019-03-22,19:36,Ewallet,9.2
268-03-6164,3,13,1,96.11,4.8055,100.9155,2019-01-25,16:28,Ewallet,7.8
750-57-9686,2,6,4,45.38,9.076,190.596,2019-01-08,13:48,Credit card,8.7
186-09-3669,1,17,1,81.51,4.0755,85.5855,2019-01-22,10:57,Ewallet,9.2
848-07-1692,2,13,2,57.22,5.722,120.162,2019-01-12,17:13,Ewallet,8.3
745-71-3520,1,5,7,25.22,8.827,185.367,2019-02-04,10:23,Cash,8.2
266-76-6436,1,15,3,38.6,5.79,121.59,2019-03-28,13:57,Ewallet,7.5
740-22-2500,2,2,3,84.05,12.6075,264.7575,2019-01-23,13:29,Cash,9.8
271-88-8734,1,18,10,97.21,48.605,1020.705,2019-02-08,13:00,Credit card,8.7
301-81-8610,4,8,8,25.42,10.168,213.528,2019-03-19,19:42,Credit card,6.7
489-64-4354,3,18,1,16.28,0.814,17.094,2019-03-09,15:36,Cash,5
198-84-7132,4,8,9,40.61,18.2745,383.7645,2019-01-02,13:40,Cash,7
269-10-8440,4,1,7,53.17,18.6095,390.7995,2019-01-21,18:01,Cash,8.9
650-98-6268,1,7,3,20.87,3.1305,65.7405,2019-03-20,13:53,Credit card,8
741-73-3559,3,11,5,67.27,16.8175,353.1675,2019-02-27,17:27,Cash,6.9
325-77-6186,1,3,10,90.65,45.325,951.825,2019-03-08,10:53,Ewallet,7.3
286-75-7818,3,8,2,69.08,6.908,145.068,2019-01-31,19:48,Credit card,6.9
574-57-9721,3,15,2,43.27,4.327,90.867,2019-03-08,16:53,Ewallet,5.7
459-50-7686,2,5,6,23.46,7.038,147.798,2019-01-13,19:14,Ewallet,6.4
616-87-0016,3,8,7,95.54,33.439,702.219,2019-03-09,14:36,Credit card,9.6
837-55-7229,2,8,1,47.44,2.372,49.812,2019-02-22,18:19,Credit card,6.8
751-69-0068,3,16,9,99.24,44.658,937.818,2019-03-19,19:09,Ewallet,9
257-73-1380,4,16,4,82.93,16.586,348.306,2019-01-20,16:51,Ewallet,9.6
345-08-4992,3,3,6,33.99,10.197,214.137,2019-03-08,15:37,Credit card,7.7
549-96-4200,4,15,4,17.04,3.408,71.568,2019-03-08,20:15,Ewallet,7
810-60-6344,2,2,8,40.86,16.344,343.224,2019-02-07,14:38,Credit card,6.5
450-28-2866,4,15,5,17.44,4.36,91.56,2019-01-15,19:25,Cash,8.1
394-30-3170,1,11,8,88.43,35.372,742.812,2019-03-22,19:35,Credit card,4.3
138-17-5109,1,3,9,89.21,40.1445,843.0345,2019-01-15,15:42,Credit card,6.5
192-98-7397,3,18,1,12.78,0.639,13.419,2019-01-08,14:11,Ewallet,9.5
301-11-9629,2,4,7,19.1,6.685,140.385,2019-01-15,10:43,Cash,9.7
390-80-5128,1,13,1,19.15,0.9575,20.1075,2019-01-28,17:58,Credit card,9.5
235-46-8343,4,15,10,27.66,13.83,290.43,2019-02-14,11:26,Credit card,8.9
453-12-7053,3,18,3,45.74,6.861,144.081,2019-03-10,17:38,Credit card,6.5
296-11-7041,1,13,1,27.07,1.3535,28.4235,2019-01-12,20:07,Credit card,5.3
449-27-2918,1,11,1,39.12,1.956,41.076,2019-03-26,11:02,Credit card,9.6
891-01-7034,2,9,6,74.71,22.413,470.673,2019-01-01,19:07,Cash,6.7
744-09-5786,3,9,6,22.01,6.603,138.663,2019-01-02,18:50,Cash,7.6
727-17-0390,2,10,5,63.61,15.9025,333.9525,2019-03-16,12:43,Ewallet,4.8
568-88-3448,3,1,1,25,1.25,26.25,2019-03-03,15:09,Ewallet,5.5
187-83-5490,4,5,4,20.77,4.154,87.234,2019-01-31,13:47,Cash,4.7
767-54-1907,1,8,5,29.56,7.39,155.19,2019-02-13,16:59,Cash,6.9
710-46-4433,1,7,9,77.4,34.83,731.43,2019-02-15,14:15,Credit card,4.5
533-33-5337,3,9,10,79.39,39.695,833.595,2019-02-07,20:24,Cash,6.2
325-90-8763,1,2,10,46.57,23.285,488.985,2019-01-27,13:58,Cash,7.6
729-46-7422,3,15,1,35.89,1.7945,37.6845,2019-02-23,16:52,Credit card,7.9
639-76-1242,3,15,5,40.52,10.13,212.73,2019-02-03,15:19,Cash,4.5
234-03-4040,1,7,10,73.05,36.525,767.025,2019-03-03,12:25,Credit card,8.7
326-71-2155,2,16,4,73.95,14.79,310.59,2019-02-03,10:02,Cash,6.1
320-32-8842,1,15,1,22.62,1.131,23.751,2019-03-17,18:58,Cash,6.4
470-32-9057,4,10,5,51.34,12.835,269.535,2019-03-28,15:31,Credit card,9.1
878-30-2331,1,16,10,54.55,27.275,572.775,2019-03-02,11:22,Credit card,7.1
440-59-5691,1,17,7,37.15,13.0025,273.0525,2019-02-08,13:12,Credit card,7.7
554-53-3790,3,11,6,37.02,11.106,233.226,2019-03-22,18:33,Cash,4.5
746-19-0921,3,15,1,21.58,1.079,22.659,2019-02-09,10:02,Ewallet,7.2
233-34-0817,1,2,1,98.84,4.942,103.782,2019-02-15,11:21,Cash,8.4
767-05-1286,1,6,6,83.77,25.131,527.751,2019-01-23,12:10,Ewallet,5.4
340-21-9136,1,4,4,40.05,8.01,168.21,2019-01-25,11:40,Cash,9.7
405-31-3305,4,14,10,43.13,21.565,452.865,2019-02-02,18:31,Credit card,5.5
731-59-7531,4,13,8,72.57,29.028,609.588,2019-03-30,17:58,Cash,4.6
676-39-6028,1,5,5,64.44,16.11,338.31,2019-03-30,17:04,Cash,6.6
502-05-1910,3,1,3,65.18,9.777,205.317,2019-02-25,20:35,Credit card,6.3
485-30-8700,2,4,5,33.26,8.315,174.615,2019-03-18,16:10,Credit card,4.2
598-47-9715,3,2,4,84.07,16.814,353.094,2019-03-07,16:54,Ewallet,4.4
701-69-8742,3,11,10,34.37,17.185,360.885,2019-03-16,10:11,Ewallet,6.7
575-67-1508,3,5,1,38.6,1.93,40.53,2019-01-29,11:26,Ewallet,6.7
541-08-3113,3,15,8,65.97,26.388,554.148,2019-02-02,20:29,Cash,8.4
246-11-3901,2,2,10,32.8,16.4,344.4,2019-02-15,12:12,Cash,6.2
674-15-9296,3,4,5,37.14,9.285,194.985,2019-01-08,13:05,Ewallet,5
305-18-3552,4,12,10,60.38,30.19,633.99,2019-02-12,16:19,Cash,6
493-65-6248,1,16,10,36.98,18.49,388.29,2019-01-01,19:48,Credit card,7
438-01-4015,1,11,4,49.49,9.898,207.858,2019-03-21,15:25,Ewallet,6.6
709-58-4068,2,8,10,41.09,20.545,431.445,2019-02-28,14:42,Cash,7.3
795-49-7276,3,14,4,37.15,7.43,156.03,2019-03-23,18:59,Ewallet,8.3
556-72-8512,3,6,1,22.96,1.148,24.108,2019-01-30,20:47,Cash,4.3
627-95-3243,1,12,9,77.68,34.956,734.076,2019-02-04,13:21,Ewallet,9.8
686-41-0932,2,8,2,34.7,3.47,72.87,2019-03-13,19:48,Ewallet,8.2
510-09-5628,1,14,10,19.66,9.83,206.43,2019-03-15,18:20,Credit card,7.2
608-04-3797,1,13,8,25.32,10.128,212.688,2019-03-05,20:24,Ewallet,8.7
148-82-2527,1,6,10,12.12,6.06,127.26,2019-03-05,13:44,Credit card,8.4
437-53-3084,3,8,2,99.89,9.989,209.769,2019-02-26,11:48,Ewallet,7.1
632-32-4574,3,11,8,75.92,30.368,637.728,2019-03-20,14:14,Cash,5.5
556-97-7101,2,2,2,63.22,6.322,132.762,2019-01-01,15:51,Cash,8.5
862-59-8517,2,15,6,90.24,27.072,568.512,2019-01-27,11:17,Cash,6.2
401-18-8016,1,11,1,98.13,4.9065,103.0365,2019-01-21,17:36,Cash,8.9
420-18-8989,1,4,8,51.52,20.608,432.768,2019-02-02,15:47,Cash,9.6
277-63-2961,4,11,1,73.97,3.6985,77.6685,2019-02-03,15:53,Credit card,5.4
573-98-8548,1,18,1,31.9,1.595,33.495,2019-01-05,12:40,Ewallet,9.1
620-02-2046,3,6,2,69.4,6.94,145.74,2019-01-27,19:48,Ewallet,9
282-35-2475,2,11,2,93.31,9.331,195.951,2019-03-25,17:53,Cash,6.3
511-54-3087,3,11,1,88.45,4.4225,92.8725,2019-02-25,16:36,Credit card,9.5
726-29-6793,4,5,8,24.18,9.672,203.112,2019-01-28,20:54,Ewallet,9.8
387-49-4215,1,11,3,48.5,7.275,152.775,2019-01-08,12:50,Cash,6.7
862-17-9201,2,7,6,84.05,25.215,529.515,2019-01-29,10:48,Credit card,7.7
291-21-5991,4,13,5,61.29,15.3225,321.7725,2019-03-29,14:28,Cash,7
602-80-9671,1,6,6,15.95,4.785,100.485,2019-02-09,17:15,Credit card,5.1
347-72-6115,1,11,7,90.74,31.759,666.939,2019-01-16,18:03,Credit card,6.2
209-61-0206,2,3,5,42.91,10.7275,225.2775,2019-01-05,17:29,Ewallet,6.1
595-27-4851,2,14,7,54.28,18.998,398.958,2019-01-27,18:05,Ewallet,9.3
189-52-0236,3,5,7,99.55,34.8425,731.6925,2019-03-14,12:07,Cash,7.6
503-07-0930,4,16,7,58.39,20.4365,429.1665,2019-02-23,19:49,Credit card,8.2
413-20-6708,1,18,1,51.47,2.5735,54.0435,2019-03-18,15:52,Ewallet,8.5
425-85-2085,4,13,5,54.86,13.715,288.015,2019-03-29,16:48,Ewallet,9.8
521-18-7827,4,6,5,39.39,9.8475,206.7975,2019-01-22,20:46,Credit card,8.7
220-28-1851,3,3,2,34.73,3.473,72.933,2019-03-01,18:14,Ewallet,9.7
600-38-9738,4,16,5,71.92,17.98,377.58,2019-01-17,15:05,Credit card,4.3
734-91-1155,2,9,3,45.71,6.8565,143.9865,2019-03-26,10:34,Credit card,7.7
451-28-5717,1,6,6,83.17,24.951,523.971,2019-03-20,11:23,Cash,7.3
609-81-8548,1,3,6,37.44,11.232,235.872,2019-02-06,13:55,Credit card,5.9
133-14-7229,3,17,2,62.87,6.287,132.027,2019-01-01,11:43,Cash,5
534-01-4457,3,10,6,81.71,24.513,514.773,2019-01-27,14:36,Credit card,8
719-89-8991,1,4,5,91.41,22.8525,479.9025,2019-02-25,16:03,Ewallet,7.1
286-62-6248,3,8,4,39.21,7.842,164.682,2019-01-16,20:03,Credit card,9
339-38-9982,4,8,2,59.86,5.986,125.706,2019-01-13,14:55,Ewallet,6.7
827-44-5872,1,7,10,54.36,27.18,570.78,2019-02-07,11:28,Credit card,6.1
827-77-7633,3,4,9,98.09,44.1405,926.9505,2019-02-17,19:41,Cash,9.3
287-83-1405,3,1,6,25.43,7.629,160.209,2019-02-12,19:01,Ewallet,7
435-13-4908,4,14,8,86.68,34.672,728.112,2019-01-24,18:04,Credit card,7.2
857-67-9057,3,9,10,22.95,11.475,240.975,2019-02-06,19:20,Ewallet,8.2
236-27-1144,2,15,9,16.31,7.3395,154.1295,2019-03-26,10:31,Ewallet,8.4
892-05-6689,2,3,5,28.32,7.08,148.68,2019-03-11,13:28,Ewallet,6.2
583-41-4548,3,6,7,16.67,5.8345,122.5245,2019-02-07,11:36,Ewallet,7.4
339-12-4827,1,8,1,73.96,3.698,77.658,2019-01-05,11:32,Credit card,5
643-38-7867,3,3,1,97.94,4.897,102.837,2019-03-07,11:44,Ewallet,6.9
308-81-0538,2,14,4,73.05,14.61,306.81,2019-02-25,17:16,Credit card,4.9
358-88-9262,1,15,6,87.48,26.244,551.124,2019-02-01,18:43,Ewallet,5.1
460-35-4390,3,3,3,30.68,4.602,96.642,2019-01-22,11:00,Ewallet,9.1
343-87-0864,4,17,1,75.88,3.794,79.674,2019-01-03,10:30,Credit card,7.1
173-50-1108,1,11,4,20.18,4.036,84.756,2019-02-13,12:14,Credit card,5
243-47-2663,4,2,6,18.77,5.631,118.251,2019-01-28,16:43,Credit card,5.5
841-18-8232,2,7,1,71.2,3.56,74.76,2019-01-05,20:40,Credit card,9.2
701-23-5550,4,12,4,38.81,7.762,163.002,2019-03-19,13:40,Ewallet,4.9
647-50-1224,2,14,10,29.42,14.71,308.91,2019-01-12,16:23,Ewallet,8.9
541-48-8554,3,4,9,60.95,27.4275,575.9775,2019-01-07,12:08,Credit card,6
539-21-7227,2,11,5,51.54,12.885,270.585,2019-01-26,17:45,Cash,4.2
213-32-1216,2,5,6,66.06,19.818,416.178,2019-01-23,10:28,Cash,7.3
747-58-7183,3,8,3,57.27,8.5905,180.4005,2019-02-09,20:31,Ewallet,6.5
582-52-8065,2,8,9,54.31,24.4395,513.2295,2019-02-22,10:49,Cash,8.9
210-57-1719,2,13,9,58.24,26.208,550.368,2019-02-05,12:34,Cash,9.7
399-69-4630,3,2,6,22.21,6.663,139.923,2019-03-07,10:23,Credit card,8.6
134-75-2619,4,5,7,19.32,6.762,142.002,2019-03-25,18:51,Cash,6.9
356-44-8813,3,12,3,37.48,5.622,118.062,2019-01-20,13:45,Credit card,7.7
198-66-9832,1,8,2,72.04,7.204,151.284,2019-02-04,19:38,Cash,9.5
283-26-5248,1,15,10,98.52,49.26,1034.46,2019-01-30,20:23,Ewallet,4.5
712-39-0363,4,10,6,41.66,12.498,262.458,2019-01-02,15:24,Ewallet,5.6
218-59-9410,1,3,3,72.42,10.863,228.123,2019-03-29,16:54,Ewallet,8.2
174-75-0888,3,9,9,21.58,9.711,203.931,2019-03-14,12:32,Cash,7.3
866-99-7614,3,15,10,89.2,44.6,936.6,2019-02-11,15:42,Credit card,4.4
134-54-4720,2,9,8,42.42,16.968,356.328,2019-01-30,13:58,Ewallet,5.7
760-90-2357,4,5,6,74.51,22.353,469.413,2019-03-20,15:08,Ewallet,5
514-37-2845,3,8,2,99.25,9.925,208.425,2019-03-20,13:02,Cash,9
698-98-5964,2,10,10,81.21,40.605,852.705,2019-01-17,13:01,Credit card,6.3
718-57-9773,2,16,10,49.33,24.665,517.965,2019-02-03,16:40,Credit card,9.4
651-88-7328,2,14,9,65.74,29.583,621.243,2019-01-01,13:55,Cash,7.7
241-11-2261,2,8,7,79.86,27.951,586.971,2019-01-10,10:33,Credit card,5.5
408-26-9866,2,16,7,73.98,25.893,543.753,2019-03-02,16:42,Ewallet,4.1
834-83-1826,1,12,5,82.04,20.51,430.71,2019-02-25,17:16,Credit card,7.6
343-61-3544,4,11,10,26.67,13.335,280.035,2019-01-29,11:48,Cash,8.6
239-48-4278,4,10,7,10.13,3.5455,74.4555,2019-03-10,19:35,Ewallet,8.3
355-34-6244,3,7,2,72.39,7.239,152.019,2019-01-13,19:55,Credit card,8.1
550-84-8664,3,4,5,85.91,21.4775,451.0275,2019-03-22,14:33,Credit card,8.6
339-96-8318,4,8,7,81.31,28.4585,597.6285,2019-03-01,19:49,Ewallet,6.3
458-61-0011,3,7,4,60.3,12.06,253.26,2019-02-20,18:43,Cash,5.8
592-34-6155,3,15,4,31.77,6.354,133.434,2019-01-14,14:43,Ewallet,6.2
797-88-0493,2,1,4,64.27,12.854,269.934,2019-03-26,13:54,Cash,7.7
207-73-1363,3,13,2,69.51,6.951,145.971,2019-03-01,12:15,Ewallet,8.1
390-31-6381,3,15,3,27.22,4.083,85.743,2019-01-07,12:37,Cash,7.3
443-82-0585,1,1,4,77.68,15.536,326.256,2019-02-01,19:54,Cash,8.4
339-18-7061,1,18,2,92.98,9.298,195.258,2019-02-13,15:06,Credit card,8
359-90-3665,1,8,4,18.08,3.616,75.936,2019-01-14,18:03,Credit card,9.5
375-72-3056,3,11,3,63.06,9.459,198.639,2019-01-19,15:58,Ewallet,7
127-47-6963,3,1,4,51.71,10.342,217.182,2019-03-09,13:53,Credit card,9.8
278-86-2735,2,10,3,52.34,7.851,164.871,2019-03-27,14:03,Cash,9.2
695-28-6250,2,4,5,43.06,10.765,226.065,2019-02-04,16:38,Ewallet,7.7
379-17-6588,3,18,10,59.61,29.805,625.905,2019-03-14,11:07,Cash,5.3
227-50-3718,3,1,5,14.62,3.655,76.755,2019-03-04,12:23,Cash,4.4
302-15-2162,4,17,6,46.53,13.959,293.139,2019-03-03,10:54,Credit card,4.3
788-07-8452,1,6,7,24.24,8.484,178.164,2019-01-27,17:38,Ewallet,9.4
560-49-6611,1,4,1,45.58,2.279,47.859,2019-02-07,14:13,Cash,9.8
880-35-0356,1,4,3,75.2,11.28,236.88,2019-02-05,11:51,Ewallet,4.8
585-11-6748,4,11,3,96.8,14.52,304.92,2019-03-15,13:05,Cash,5.3
470-31-3286,3,13,3,14.82,2.223,46.683,2019-03-01,11:30,Credit card,8.7
152-68-2907,3,10,3,52.2,7.83,164.43,2019-02-15,13:30,Credit card,9.5
123-35-4896,2,16,9,46.66,20.997,440.937,2019-02-17,19:11,Ewallet,5.3
258-69-7810,2,18,5,36.85,9.2125,193.4625,2019-01-26,18:53,Cash,9.2
334-64-2006,1,3,2,70.32,7.032,147.672,2019-03-24,14:22,Ewallet,9.6
219-61-4139,3,2,1,83.08,4.154,87.234,2019-01-23,17:16,Ewallet,6.4
881-41-7302,2,18,1,64.99,3.2495,68.2395,2019-01-26,10:06,Credit card,4.5
373-09-4567,3,15,10,77.56,38.78,814.38,2019-03-14,20:35,Ewallet,6.9
642-30-6693,2,11,6,54.51,16.353,343.413,2019-03-17,13:54,Ewallet,7.8
484-22-8230,1,18,7,51.89,18.1615,381.3915,2019-01-08,20:08,Cash,4.5
830-58-2383,3,12,4,31.75,6.35,133.35,2019-02-08,15:26,Cash,8.6
559-98-9873,1,14,7,53.65,18.7775,394.3275,2019-02-10,12:56,Ewallet,5.2
544-32-5024,1,15,4,49.79,9.958,209.118,2019-03-28,19:16,Credit card,6.4
318-12-0304,3,14,1,30.61,1.5305,32.1405,2019-01-23,12:20,Ewallet,5.2
349-97-8902,4,7,2,57.89,5.789,121.569,2019-01-17,10:37,Ewallet,8.9
421-95-9805,2,5,1,28.96,1.448,30.408,2019-02-07,10:18,Credit card,6.2
277-35-5865,1,15,9,98.97,44.5365,935.2665,2019-03-09,11:23,Cash,6.7
789-23-8625,4,8,3,93.22,13.983,293.643,2019-01-24,11:45,Cash,7.2
284-54-4231,4,16,1,80.93,4.0465,84.9765,2019-01-19,16:08,Credit card,9
443-59-0061,4,10,10,67.45,33.725,708.225,2019-02-03,11:25,Ewallet,4.2
509-29-3912,1,4,9,38.72,17.424,365.904,2019-03-20,12:24,Ewallet,4.2
327-40-9673,4,11,6,72.6,21.78,457.38,2019-01-13,19:51,Cash,6.9
840-19-2096,4,2,5,87.91,21.9775,461.5275,2019-03-14,18:10,Ewallet,4.4
828-46-6863,4,10,6,98.53,29.559,620.739,2019-01-23,11:22,Credit card,4
641-96-3695,1,18,6,43.46,13.038,273.798,2019-02-07,17:55,Ewallet,8.5
420-97-3340,2,10,3,71.68,10.752,225.792,2019-03-28,15:30,Credit card,9.2
436-54-4512,1,10,1,91.61,4.5805,96.1905,2019-03-20,19:44,Cash,9.8
670-79-6321,1,12,7,94.59,33.1065,695.2365,2019-01-17,15:27,Credit card,4.9
852-62-7105,2,8,10,83.25,41.625,874.125,2019-01-12,11:25,Credit card,4.4
598-06-7312,4,8,1,91.35,4.5675,95.9175,2019-02-16,15:42,Cash,6.8
135-13-8269,1,7,2,78.88,7.888,165.648,2019-01-26,16:04,Cash,9.1
816-57-2053,3,4,2,60.87,6.087,127.827,2019-03-09,12:37,Ewallet,8.7
628-90-8624,4,13,10,82.58,41.29,867.09,2019-03-14,14:41,Cash,5
856-66-2701,4,3,3,53.3,7.995,167.895,2019-01-25,14:19,Ewallet,7.5
308-39-1707,2,14,1,12.09,0.6045,12.6945,2019-01-26,18:19,Credit card,8.2
149-61-1929,3,4,10,64.19,32.095,673.995,2019-01-19,14:08,Credit card,6.7
655-07-2265,3,5,3,78.31,11.7465,246.6765,2019-03-05,16:38,Ewallet,5.4
589-02-8023,4,10,2,83.77,8.377,175.917,2019-01-15,10:54,Credit card,7
420-04-7590,3,12,3,99.7,14.955,314.055,2019-03-18,11:29,Ewallet,4.7
182-88-2763,4,7,3,79.91,11.9865,251.7165,2019-03-20,19:28,Credit card,5
188-55-0967,4,13,10,66.47,33.235,697.935,2019-01-15,15:01,Credit card,5
610-46-4100,3,1,7,28.95,10.1325,212.7825,2019-03-03,20:31,Credit card,6
318-81-2368,2,2,1,46.2,2.31,48.51,2019-03-19,12:16,Cash,6.3
364-33-8584,1,7,5,17.63,4.4075,92.5575,2019-03-08,15:27,Cash,8.5
665-63-9737,3,8,3,52.42,7.863,165.123,2019-02-27,17:36,Ewallet,7.5
695-09-5146,1,7,3,98.79,14.8185,311.1885,2019-02-23,20:00,Ewallet,6.4
155-45-3814,1,2,8,88.55,35.42,743.82,2019-03-19,15:29,Ewallet,4.7
794-32-2436,4,9,2,55.67,5.567,116.907,2019-03-27,15:08,Ewallet,6
131-15-8856,1,15,8,72.52,29.008,609.168,2019-03-30,19:26,Credit card,4
273-84-2164,4,2,5,12.05,3.0125,63.2625,2019-02-16,15:53,Ewallet,5.5
706-36-6154,4,3,9,19.36,8.712,182.952,2019-01-18,18:43,Ewallet,8.7
778-89-7974,3,17,6,70.21,21.063,442.323,2019-03-30,14:58,Cash,7.4
574-31-8277,4,8,1,33.63,1.6815,35.3115,2019-03-20,19:55,Cash,5.6
859-71-0933,1,16,2,15.49,1.549,32.529,2019-01-16,15:10,Cash,6.3
740-11-5257,3,2,10,24.74,12.37,259.77,2019-02-24,16:44,Cash,7.1
369-82-2676,3,9,5,75.66,18.915,397.215,2019-01-15,18:22,Ewallet,7.8
563-47-4072,2,13,6,55.81,16.743,351.603,2019-01-22,11:52,Cash,9.9
742-04-5161,4,3,10,72.78,36.39,764.19,2019-02-03,17:24,Cash,7.3
149-15-7606,4,11,9,37.32,16.794,352.674,2019-03-06,15:31,Ewallet,5.1
133-77-3154,4,8,4,60.18,12.036,252.756,2019-02-16,18:04,Credit card,9.4
169-52-4504,2,5,3,15.69,2.3535,49.4235,2019-03-14,14:13,Credit card,5.8
250-81-7186,2,2,1,99.69,4.9845,104.6745,2019-02-27,10:23,Credit card,8
562-12-5430,1,14,3,88.15,13.2225,277.6725,2019-01-18,10:11,Ewallet,7.9
816-72-8853,1,4,5,27.93,6.9825,146.6325,2019-01-29,15:48,Cash,5.9
491-38-3499,4,14,1,55.45,2.7725,58.2225,2019-02-26,17:46,Credit card,4.9
322-02-2271,2,11,3,42.97,6.4455,135.3555,2019-02-03,11:46,Cash,9.3
842-29-4695,4,16,7,17.14,5.999,125.979,2019-01-16,12:07,Credit card,7.9
725-67-2480,1,8,6,58.75,17.625,370.125,2019-03-24,18:14,Credit card,5.9
641-51-2661,1,15,10,87.1,43.55,914.55,2019-02-12,14:45,Credit card,9.9
714-02-3114,2,16,2,98.8,9.88,207.48,2019-02-21,11:39,Cash,7.7
518-17-2983,2,14,4,48.63,9.726,204.246,2019-02-04,15:44,Ewallet,7.6
779-42-2410,4,7,3,57.74,8.661,181.881,2019-02-20,13:06,Ewallet,7.7
190-14-3147,2,13,4,17.97,3.594,75.474,2019-02-23,20:43,Ewallet,6.4
408-66-6712,1,17,6,47.71,14.313,300.573,2019-02-16,14:19,Ewallet,4.4
679-22-6530,2,11,2,40.62,4.062,85.302,2019-01-17,10:01,Credit card,4.1
588-47-8641,4,14,10,56.04,28.02,588.42,2019-01-14,19:30,Ewallet,4.4
642-61-4706,4,7,2,93.4,9.34,196.14,2019-03-30,16:34,Cash,5.5
576-31-4774,2,13,3,73.41,11.0115,231.2415,2019-03-02,13:10,Ewallet,4
556-41-6224,3,17,8,33.64,13.456,282.576,2019-02-15,17:10,Credit card,9.3
811-03-8790,2,5,10,45.48,22.74,477.54,2019-03-01,10:22,Credit card,4.8
242-11-3142,4,8,2,83.77,8.377,175.917,2019-02-24,19:57,Cash,4.6
752-23-3760,1,11,7,64.08,22.428,470.988,2019-02-19,19:29,Credit card,7.3
274-05-5470,1,10,4,73.47,14.694,308.574,2019-02-23,18:30,Cash,6
648-94-3045,3,17,10,58.95,29.475,618.975,2019-02-07,14:27,Ewallet,8.1
130-67-4723,4,10,6,48.5,14.55,305.55,2019-01-11,13:57,Ewallet,9.4
528-87-5606,1,9,1,39.48,1.974,41.454,2019-02-12,19:43,Cash,6.5
320-85-2052,2,11,1,34.81,1.7405,36.5505,2019-01-14,10:11,Credit card,7
370-96-0655,2,18,6,49.32,14.796,310.716,2019-01-09,13:46,Ewallet,7.1
105-10-6182,4,14,2,21.48,2.148,45.108,2019-02-27,12:22,Ewallet,6.6
510-79-0415,1,11,6,23.08,6.924,145.404,2019-01-24,19:20,Ewallet,4.9
241-96-5076,1,12,2,49.1,4.91,103.11,2019-01-08,12:58,Credit card,6.4
767-97-4650,1,11,2,64.83,6.483,136.143,2019-01-08,11:59,Credit card,8
648-83-1321,4,3,10,63.56,31.78,667.38,2019-01-16,17:59,Cash,4.3
173-57-2300,4,16,2,72.88,7.288,153.048,2019-03-13,12:51,Cash,6.1
305-03-2383,2,10,3,67.1,10.065,211.365,2019-02-15,10:36,Cash,7.5
394-55-6384,1,16,9,70.19,31.5855,663.2955,2019-01-25,13:38,Cash,6.7
266-20-6657,4,15,7,55.04,19.264,404.544,2019-03-12,19:39,Ewallet,5.2
689-05-1884,4,1,10,48.63,24.315,510.615,2019-03-04,12:44,Cash,8.8
196-01-2849,1,18,7,73.38,25.683,539.343,2019-02-10,13:56,Cash,9.5
372-62-5264,2,15,9,52.6,23.67,497.07,2019-01-16,14:42,Cash,7.6
800-09-8606,1,3,5,87.37,21.8425,458.6925,2019-01-29,19:45,Cash,6.6
182-52-7000,1,4,4,27.04,5.408,113.568,2019-01-01,20:26,Ewallet,6.9
826-58-8051,3,12,4,62.19,12.438,261.198,2019-01-06,19:46,Ewallet,4.3
868-06-0466,4,5,9,69.58,31.311,657.531,2019-02-19,19:38,Credit card,7.8
751-41-9720,3,6,10,97.5,48.75,1023.75,2019-01-12,16:18,Ewallet,8
626-43-7888,2,18,8,60.41,24.164,507.444,2019-02-07,12:23,Ewallet,9.6
176-64-7711,3,7,3,32.32,4.848,101.808,2019-03-27,19:11,Credit card,4.3
191-29-0321,1,8,10,19.77,9.885,207.585,2019-02-27,18:57,Credit card,5
729-06-2010,4,13,9,80.47,36.2115,760.4415,2019-01-06,11:18,Cash,9.2
640-48-5028,1,12,9,88.39,39.7755,835.2855,2019-03-02,12:40,Cash,6.3
186-79-9562,3,13,7,71.77,25.1195,527.5095,2019-03-29,14:06,Cash,8.9
834-45-5519,2,9,4,43,8.6,180.6,2019-01-31,20:48,Ewallet,7.6
162-65-8559,4,15,1,68.98,3.449,72.429,2019-01-21,20:13,Cash,4.8
760-27-5490,3,18,8,15.62,6.248,131.208,2019-01-20,20:37,Ewallet,9.1
445-30-9252,3,4,3,25.7,3.855,80.955,2019-01-17,17:59,Ewallet,6.1
786-94-2700,4,10,6,80.62,24.186,507.906,2019-02-28,20:18,Cash,9.1
728-88-7867,1,6,4,75.53,15.106,317.226,2019-03-19,15:52,Ewallet,8.3
183-21-3799,2,2,9,77.63,34.9335,733.6035,2019-02-19,15:14,Ewallet,7.2
268-20-3585,2,17,9,13.85,6.2325,130.8825,2019-02-04,12:50,Ewallet,6
735-32-9839,4,18,8,98.7,39.48,829.08,2019-01-31,10:36,Ewallet,8.5
258-92-7466,2,1,5,35.68,8.92,187.32,2019-02-06,18:33,Credit card,6.6
857-16-3520,1,14,7,71.46,25.011,525.231,2019-03-28,16:06,Ewallet,4.5
482-17-1179,4,5,3,11.94,1.791,37.611,2019-01-19,12:47,Credit card,8.1
788-21-5741,3,14,3,45.38,6.807,142.947,2019-02-17,13:34,Credit card,7.2
821-14-9046,1,8,6,17.48,5.244,110.124,2019-01-18,15:04,Credit card,6.1
418-05-0656,2,8,7,25.56,8.946,187.866,2019-02-02,20:42,Cash,7.1
678-79-0726,1,16,9,90.63,40.7835,856.4535,2019-01-18,15:28,Cash,5.1
776-68-1096,3,12,3,44.12,6.618,138.978,2019-03-18,13:45,Credit card,7.9
592-46-1692,1,15,7,36.77,12.8695,270.2595,2019-01-11,20:10,Cash,7.4
434-35-9162,4,7,4,23.34,4.668,98.028,2019-02-04,18:53,Ewallet,7.4
149-14-0304,1,17,8,28.5,11.4,239.4,2019-02-06,14:24,Cash,6.6
442-44-6497,4,6,3,55.57,8.3355,175.0455,2019-01-08,11:42,Credit card,5.9
174-64-0215,3,11,10,69.74,34.87,732.27,2019-03-05,17:49,Credit card,8.9
210-74-9613,3,18,4,97.26,19.452,408.492,2019-03-16,15:33,Ewallet,6.8
299-29-0180,1,12,7,52.18,18.263,383.523,2019-03-09,10:54,Cash,9.3
247-11-2470,1,14,4,22.32,4.464,93.744,2019-03-01,16:23,Credit card,4.4
635-28-5728,3,1,3,56,8.4,176.4,2019-02-28,19:33,Ewallet,4.8
756-49-0168,4,14,1,19.7,0.985,20.685,2019-02-08,11:39,Ewallet,9.5
438-23-1242,3,9,7,75.88,26.558,557.718,2019-01-24,10:38,Ewallet,8.9
238-45-6950,4,7,1,53.72,2.686,56.406,2019-03-01,20:03,Ewallet,6.4
607-65-2441,4,17,10,81.95,40.975,860.475,2019-03-10,12:39,Credit card,6
386-27-7606,1,6,7,81.2,28.42,596.82,2019-03-23,15:59,Credit card,8.1
137-63-5492,3,2,10,58.76,29.38,616.98,2019-01-29,14:26,Ewallet,9
197-77-7132,4,9,8,91.56,36.624,769.104,2019-01-12,18:22,Ewallet,6
805-86-0265,3,3,9,93.96,42.282,887.922,2019-03-20,11:32,Cash,9.8
733-29-1227,3,6,7,55.61,19.4635,408.7335,2019-03-23,12:41,Cash,8.5
451-73-2711,3,15,1,84.83,4.2415,89.0715,2019-01-14,15:20,Ewallet,8.8
373-14-0504,1,4,2,71.63,7.163,150.423,2019-02-12,14:33,Ewallet,8.8
546-80-2899,4,3,2,37.69,3.769,79.149,2019-02-20,15:29,Ewallet,9.5
345-68-9016,1,16,8,31.67,12.668,266.028,2019-01-02,16:19,Credit card,5.6
390-17-5806,1,15,1,38.42,1.921,40.341,2019-02-02,16:33,Cash,8.6
457-13-1708,4,8,10,65.23,32.615,684.915,2019-01-08,19:07,Credit card,5.2
664-14-2882,1,6,5,10.53,2.6325,55.2825,2019-01-30,14:43,Credit card,5.8
487-79-6868,1,12,9,12.29,5.5305,116.1405,2019-03-26,19:28,Credit card,8
314-23-4520,4,17,7,81.23,28.4305,597.0405,2019-01-15,20:44,Cash,9
210-30-7976,1,8,4,22.32,4.464,93.744,2019-03-14,11:16,Ewallet,4.1
585-86-8361,2,10,5,27.28,6.82,143.22,2019-02-03,10:31,Credit card,8.6
807-14-7833,1,5,10,17.42,8.71,182.91,2019-02-22,12:30,Ewallet,7
775-72-1988,3,12,5,73.28,18.32,384.72,2019-01-24,15:05,Ewallet,8.4
288-38-3758,1,18,3,84.87,12.7305,267.3405,2019-01-25,18:30,Ewallet,7.4
652-43-6591,2,14,8,97.29,38.916,817.236,2019-03-09,13:18,Credit card,6.2
785-96-0615,1,9,8,35.74,14.296,300.216,2019-02-17,15:28,Ewallet,4.9
406-46-7107,2,3,6,96.52,28.956,608.076,2019-01-11,11:52,Cash,4.5
250-17-5703,4,10,10,18.85,9.425,197.925,2019-02-27,18:24,Ewallet,5.6
156-95-3964,2,10,4,55.39,11.078,232.638,2019-03-25,15:19,Ewallet,8
842-40-8179,1,7,10,77.2,38.6,810.6,2019-02-11,10:38,Credit card,5.6
525-09-8450,3,9,10,72.13,36.065,757.365,2019-01-31,15:12,Credit card,4.2
410-67-1709,1,14,8,63.88,25.552,536.592,2019-01-20,17:48,Ewallet,9.9
587-73-4862,1,1,5,10.69,2.6725,56.1225,2019-03-26,11:07,Ewallet,7.6
787-87-2010,4,1,4,55.5,11.1,233.1,2019-01-20,15:48,Credit card,6.6
593-14-4239,2,12,8,95.46,38.184,801.864,2019-03-05,19:40,Ewallet,4.7
801-88-0346,2,18,3,76.06,11.409,239.589,2019-01-05,20:30,Credit card,9.8
388-76-2555,3,11,6,13.69,4.107,86.247,2019-02-13,13:59,Cash,6.3
711-31-1234,2,9,4,95.64,19.128,401.688,2019-03-16,18:51,Cash,7.9
886-54-6089,2,3,6,11.43,3.429,72.009,2019-01-15,17:24,Cash,7.7
707-32-7409,1,11,4,95.54,19.108,401.268,2019-02-26,11:58,Ewallet,4.5
759-98-4285,1,17,7,85.87,30.0545,631.1445,2019-02-27,19:01,Credit card,8
201-63-8275,1,16,7,67.99,23.7965,499.7265,2019-02-17,16:50,Ewallet,5.7
471-06-8611,2,15,1,52.42,2.621,55.041,2019-02-06,10:22,Credit card,6.3
200-16-5952,4,15,2,65.65,6.565,137.865,2019-01-17,16:46,Cash,6
120-54-2248,2,7,5,28.86,7.215,151.515,2019-01-22,18:08,Credit card,8
102-77-2261,4,17,7,65.31,22.8585,480.0285,2019-03-05,18:02,Credit card,4.2
875-31-8302,3,11,1,93.38,4.669,98.049,2019-01-03,13:07,Cash,9.6
102-06-2002,4,16,5,25.25,6.3125,132.5625,2019-03-20,17:52,Cash,6.1
457-94-0464,4,9,9,87.87,39.5415,830.3715,2019-01-31,20:32,Ewallet,5.6
629-42-4133,3,17,8,21.8,8.72,183.12,2019-02-19,19:24,Cash,8.3
534-53-3526,2,4,4,94.76,18.952,397.992,2019-02-11,16:06,Ewallet,7.8
307-04-2070,1,14,1,30.62,1.531,32.151,2019-02-05,14:14,Credit card,4.1
468-99-7231,2,6,8,44.01,17.604,369.684,2019-03-03,17:36,Cash,8.8
516-77-6464,1,17,5,10.16,2.54,53.34,2019-02-24,13:08,Ewallet,4.1
404-91-5964,3,5,7,74.58,26.103,548.163,2019-02-04,16:09,Credit card,9
886-77-9084,3,2,8,71.89,28.756,603.876,2019-02-19,11:33,Ewallet,5.5
790-38-4466,2,17,5,10.99,2.7475,57.6975,2019-01-23,10:18,Credit card,9.3
704-10-4056,4,17,3,60.47,9.0705,190.4805,2019-01-14,10:55,Credit card,5.6
497-37-6538,3,4,7,58.91,20.6185,432.9885,2019-01-17,15:15,Ewallet,9.7
651-96-5970,3,14,1,46.41,2.3205,48.7305,2019-03-03,20:06,Credit card,4
400-80-4065,4,17,4,68.55,13.71,287.91,2019-02-15,20:21,Credit card,9.2
744-16-7898,2,12,10,97.37,48.685,1022.385,2019-01-15,13:48,Credit card,4.9
263-12-5321,4,5,7,92.6,32.41,680.61,2019-02-27,12:52,Credit card,9.3
702-72-0487,2,5,2,46.61,4.661,97.881,2019-02-26,12:28,Credit card,6.6
605-83-1050,3,8,2,27.18,2.718,57.078,2019-03-15,16:26,Ewallet,4.3
443-60-9639,1,6,1,60.87,3.0435,63.9135,2019-01-24,13:24,Cash,5.5
864-24-7918,1,4,10,24.49,12.245,257.145,2019-02-22,15:15,Cash,8.1
359-94-5395,3,13,1,92.78,4.639,97.419,2019-03-15,10:50,Credit card,9.8
401-09-4232,4,6,5,86.69,21.6725,455.1225,2019-02-11,18:38,Ewallet,9.4
751-15-6198,3,11,6,23.01,6.903,144.963,2019-01-12,16:45,Ewallet,7.9
324-41-6833,1,2,8,30.2,12.08,253.68,2019-03-03,19:30,Ewallet,5.1
474-33-8305,4,18,7,67.39,23.5865,495.3165,2019-03-23,13:23,Ewallet,6.9
759-29-9521,1,14,9,48.96,22.032,462.672,2019-03-04,11:27,Cash,8
831-81-6575,1,9,9,75.59,34.0155,714.3255,2019-02-23,11:12,Cash,8
220-68-6701,2,3,4,77.47,15.494,325.374,2019-03-17,16:36,Cash,4.2
618-34-8551,2,4,2,93.18,9.318,195.678,2019-01-16,18:41,Credit card,8.5
257-60-7754,2,5,4,50.23,10.046,210.966,2019-01-08,17:12,Cash,9
559-61-5987,2,13,1,17.75,0.8875,18.6375,2019-01-14,10:38,Cash,8.6
189-55-2313,2,18,10,62.18,31.09,652.89,2019-01-31,10:33,Ewallet,6
565-91-4567,3,13,8,10.75,4.3,90.3,2019-03-15,14:38,Ewallet,6.2
380-60-5336,2,5,10,40.26,20.13,422.73,2019-02-24,18:06,Credit card,5
815-04-6282,1,16,5,64.97,16.2425,341.0925,2019-02-08,12:52,Credit card,6.5
674-56-6360,3,5,1,95.15,4.7575,99.9075,2019-03-22,14:00,Cash,6
778-34-2523,1,5,8,48.62,19.448,408.408,2019-01-24,10:57,Cash,5
499-27-7781,2,7,8,53.21,21.284,446.964,2019-03-14,16:45,Ewallet,5
477-59-2456,2,18,7,45.44,15.904,333.984,2019-01-23,11:15,Cash,9.2
832-51-6761,3,10,8,33.88,13.552,284.592,2019-01-19,20:29,Ewallet,9.6
869-11-3082,4,13,4,96.16,19.232,403.872,2019-01-27,20:03,Credit card,8.4
190-59-3964,4,7,5,47.16,11.79,247.59,2019-02-03,14:35,Credit card,6
366-43-6862,3,9,4,52.89,10.578,222.138,2019-03-25,16:32,Ewallet,6.7
186-43-8965,1,3,2,47.68,4.768,100.128,2019-02-24,10:10,Credit card,4.1
784-21-9238,4,16,1,10.17,0.5085,10.6785,2019-02-07,14:15,Cash,5.9
276-75-6884,2,1,3,68.71,10.3065,216.4365,2019-03-04,10:05,Cash,8.7
109-86-4363,1,11,7,60.08,21.028,441.588,2019-02-14,11:36,Credit card,4.5
569-76-2760,1,4,4,22.01,4.402,92.442,2019-01-29,18:15,Credit card,6.6
222-42-0244,1,13,9,72.11,32.4495,681.4395,2019-01-28,13:53,Credit card,7.7
760-53-9233,4,14,3,41.28,6.192,130.032,2019-03-26,18:37,Credit card,8.5
538-22-0304,3,2,10,64.95,32.475,681.975,2019-03-24,18:27,Cash,5.2
416-17-9926,1,5,10,74.22,37.11,779.31,2019-01-01,14:42,Credit card,4.3
237-44-6163,3,5,8,10.56,4.224,88.704,2019-01-24,17:43,Cash,7.6
636-17-0325,3,13,4,62.57,12.514,262.794,2019-02-25,18:37,Cash,9.5
343-75-9322,1,11,8,11.85,4.74,99.54,2019-01-09,16:34,Cash,4.1
528-14-9470,4,1,1,91.3,4.565,95.865,2019-02-14,14:42,Ewallet,9.2
427-45-9297,1,12,7,40.73,14.2555,299.3655,2019-03-12,11:01,Ewallet,5.4
807-34-3742,3,14,1,52.38,2.619,54.999,2019-03-26,19:44,Cash,5.8
288-62-1085,4,14,5,38.54,9.635,202.335,2019-01-09,13:34,Ewallet,5.6
670-71-7306,3,11,6,44.63,13.389,281.169,2019-01-02,20:08,Credit card,5.1
660-29-7083,3,2,10,55.87,27.935,586.635,2019-01-15,15:01,Cash,5.8
271-77-8740,1,16,6,29.22,8.766,184.086,2019-01-01,11:40,Ewallet,5
497-36-0989,3,14,3,51.94,7.791,163.611,2019-02-15,15:21,Cash,7.9
291-59-1384,3,9,1,60.3,3.015,63.315,2019-02-28,17:38,Cash,6
860-73-6466,1,4,2,39.47,3.947,82.887,2019-03-02,16:16,Credit card,5
549-23-9016,1,15,2,14.87,1.487,31.227,2019-02-13,18:15,Credit card,8.9
896-34-0956,3,14,1,21.32,1.066,22.386,2019-01-26,12:43,Cash,5.9
804-38-3935,4,5,3,93.78,14.067,295.407,2019-01-30,11:32,Credit card,5.9
585-90-0249,4,5,1,73.26,3.663,76.923,2019-01-27,18:08,Ewallet,9.7
862-29-5914,2,16,1,22.38,1.119,23.499,2019-01-30,17:08,Credit card,8.6
845-94-6841,1,15,9,72.88,32.796,688.716,2019-01-08,19:38,Cash,4
125-45-2293,2,14,6,99.1,29.73,624.33,2019-01-19,13:11,Cash,4.2
843-73-4724,3,14,1,74.1,3.705,77.805,2019-01-25,11:05,Cash,9.2
409-33-9708,2,14,2,98.48,9.848,206.808,2019-02-19,10:12,Ewallet,9.2
658-66-3967,3,17,7,53.19,18.6165,390.9465,2019-01-14,15:42,Ewallet,5
866-70-2814,2,9,10,52.79,26.395,554.295,2019-02-25,11:58,Ewallet,10
160-22-2687,1,1,5,95.95,23.9875,503.7375,2019-01-23,14:21,Ewallet,8.8
895-03-6665,2,8,9,36.51,16.4295,345.0195,2019-02-16,10:52,Cash,4.2
770-42-8960,3,7,8,21.12,8.448,177.408,2019-01-01,19:31,Cash,6.3
748-45-2862,1,3,4,28.31,5.662,118.902,2019-03-07,18:35,Cash,8.2
234-36-2483,3,13,6,57.59,17.277,362.817,2019-02-15,13:51,Cash,5.1
316-66-3011,1,10,9,47.63,21.4335,450.1035,2019-01-23,12:35,Cash,5
848-95-6252,1,6,1,86.27,4.3135,90.5835,2019-02-20,13:24,Ewallet,7
840-76-5966,4,4,2,12.76,1.276,26.796,2019-01-08,18:06,Ewallet,7.8
152-03-4217,2,12,9,11.28,5.076,106.596,2019-03-17,11:55,Credit card,4.3
533-66-5566,2,12,7,51.07,17.8745,375.3645,2019-01-12,11:42,Cash,7
124-31-1458,1,5,3,79.59,11.9385,250.7085,2019-01-08,14:30,Cash,6.6
176-78-1170,4,17,3,33.81,5.0715,106.5015,2019-01-26,15:11,Ewallet,7.3
361-59-0574,4,11,8,90.53,36.212,760.452,2019-03-15,14:48,Credit card,6.5
101-81-4070,1,17,2,62.82,6.282,131.922,2019-01-17,12:36,Ewallet,4.9
631-34-1880,4,15,3,24.31,3.6465,76.5765,2019-01-08,19:09,Credit card,4.3
852-82-2749,3,4,4,64.59,12.918,271.278,2019-01-06,13:35,Ewallet,9.3
873-14-6353,4,10,7,24.82,8.687,182.427,2019-02-16,10:33,Credit card,7.1
584-66-4073,3,18,1,56.5,2.825,59.325,2019-03-13,15:45,Ewallet,9.6
544-55-9589,1,9,10,21.43,10.715,225.015,2019-01-28,11:51,Cash,6.2
166-19-2553,4,4,6,89.06,26.718,561.078,2019-01-18,17:26,Cash,9.9
737-88-5876,4,3,4,23.29,4.658,97.818,2019-03-19,11:52,Credit card,5.9
154-87-7367,3,6,8,65.26,26.104,548.184,2019-03-15,14:04,Ewallet,6.3
885-56-0389,4,18,1,52.35,2.6175,54.9675,2019-02-12,17:49,Cash,4
608-05-3804,4,9,1,39.75,1.9875,41.7375,2019-02-25,20:19,Cash,6.1
448-61-3783,2,5,8,90.02,36.008,756.168,2019-03-21,16:08,Credit card,4.5
761-49-0439,1,9,8,12.1,4.84,101.64,2019-01-19,10:17,Ewallet,8.6
490-95-0021,1,7,10,33.21,16.605,348.705,2019-01-08,14:25,Ewallet,6
115-38-7388,1,18,8,10.18,4.072,85.512,2019-03-30,12:51,Credit card,9.5
311-13-6971,4,11,10,31.99,15.995,335.895,2019-02-20,15:18,Credit card,9.9
291-55-6563,1,3,6,34.42,10.326,216.846,2019-03-30,12:45,Ewallet,7.5
548-48-3156,1,10,2,83.34,8.334,175.014,2019-03-19,13:37,Cash,7.6
460-93-5834,3,4,7,45.58,15.953,335.013,2019-01-13,10:03,Cash,5
325-89-4209,4,10,1,87.9,4.395,92.295,2019-02-05,19:42,Ewallet,6.7
884-80-6021,1,5,10,73.47,36.735,771.435,2019-03-23,13:14,Ewallet,9.5
137-74-8729,2,18,8,12.19,4.876,102.396,2019-03-13,12:47,Ewallet,6.8
880-46-5796,4,4,10,76.92,38.46,807.66,2019-03-17,19:53,Ewallet,5.6
389-70-2397,2,17,5,83.66,20.915,439.215,2019-02-21,10:26,Cash,7.2
114-35-5271,2,9,8,57.91,23.164,486.444,2019-02-07,15:06,Cash,8.1
607-76-6216,1,18,5,92.49,23.1225,485.5725,2019-03-02,16:35,Credit card,8.6
715-20-1673,3,9,5,28.38,7.095,148.995,2019-03-06,20:57,Cash,9.4
811-35-1094,4,9,6,50.45,15.135,317.835,2019-02-06,15:16,Credit card,8.9
699-88-1972,3,13,8,99.16,39.664,832.944,2019-01-28,17:47,Credit card,4.2
781-84-8059,3,18,7,60.74,21.259,446.439,2019-01-18,16:23,Ewallet,5
409-49-6995,1,15,6,47.27,14.181,297.801,2019-02-05,10:17,Cash,8.8
725-54-0677,4,17,7,85.6,29.96,629.16,2019-03-02,13:50,Cash,5.3
146-09-5432,4,10,9,35.04,15.768,331.128,2019-02-09,19:17,Ewallet,4.6
377-79-7592,1,2,9,44.84,20.178,423.738,2019-01-14,14:00,Credit card,7.5
509-10-0516,3,12,4,45.97,9.194,193.074,2019-02-09,12:02,Ewallet,5.1
595-94-9924,1,1,5,27.73,6.9325,145.5825,2019-03-26,20:21,Credit card,4.2
865-41-9075,3,10,7,11.53,4.0355,84.7455,2019-01-28,17:35,Cash,8.1
545-07-8534,2,17,2,58.32,5.832,122.472,2019-02-14,12:42,Ewallet,6
118-62-1812,1,6,4,78.38,15.676,329.196,2019-03-24,17:56,Cash,7.9
450-42-3339,3,17,10,84.61,42.305,888.405,2019-02-09,18:58,Credit card,8.8
851-98-3555,2,13,5,82.88,20.72,435.12,2019-03-24,14:08,Credit card,6.6
186-71-5196,1,10,2,79.54,7.954,167.034,2019-03-27,16:30,Ewallet,6.2
624-01-8356,2,12,10,49.01,24.505,514.605,2019-01-27,10:44,Credit card,4.2
313-66-9943,1,7,3,29.15,4.3725,91.8225,2019-03-27,20:29,Credit card,7.3
151-27-8496,2,2,4,56.13,11.226,235.746,2019-01-19,11:43,Ewallet,8.6
453-33-6436,2,3,8,93.12,37.248,782.208,2019-02-07,10:09,Cash,6.8
522-57-8364,4,14,8,51.34,20.536,431.256,2019-01-31,10:00,Ewallet,7.6
459-45-2396,1,10,3,99.6,14.94,313.74,2019-02-25,18:45,Cash,5.8
717-96-4189,2,2,6,35.49,10.647,223.587,2019-02-02,12:40,Cash,4.1
722-13-2115,4,16,1,42.85,2.1425,44.9925,2019-03-14,15:36,Credit card,9.3
749-81-8133,2,14,4,94.67,18.934,397.614,2019-03-11,12:04,Cash,6.8
777-67-2495,3,12,3,68.97,10.3455,217.2555,2019-02-22,11:26,Ewallet,8.7
636-98-3364,1,9,3,26.26,3.939,82.719,2019-03-02,12:36,Ewallet,6.3
246-55-6923,1,6,9,35.79,16.1055,338.2155,2019-03-10,15:06,Credit card,5.1
181-82-6255,2,12,6,16.37,4.911,103.131,2019-02-08,10:58,Cash,7
838-02-1821,1,6,2,12.73,1.273,26.733,2019-02-22,12:10,Credit card,5.2
887-42-0517,2,16,7,83.14,29.099,611.079,2019-01-10,10:31,Credit card,6.6
457-12-0244,1,16,6,35.22,10.566,221.886,2019-03-14,13:49,Ewallet,6.5
226-34-0034,2,9,4,13.78,2.756,57.876,2019-01-10,11:10,Ewallet,9
321-49-7382,4,11,1,88.31,4.4155,92.7255,2019-02-15,17:38,Credit card,5.2
397-25-8725,1,1,9,39.62,17.829,374.409,2019-01-13,17:54,Credit card,6.8
431-66-2305,2,9,9,88.25,39.7125,833.9625,2019-02-15,20:51,Credit card,7.6
825-94-5922,3,11,2,25.31,2.531,53.151,2019-03-02,19:26,Ewallet,7.2
641-62-7288,3,12,6,99.92,29.976,629.496,2019-03-24,13:33,Ewallet,7.1
756-93-1854,1,18,2,83.35,8.335,175.035,2019-02-02,14:05,Credit card,9.5
243-55-8457,2,10,10,74.44,37.22,781.62,2019-02-27,11:40,Ewallet,5.1
458-10-8612,3,17,7,64.08,22.428,470.988,2019-01-20,12:27,Ewallet,7.6
501-61-1753,2,12,6,63.15,18.945,397.845,2019-01-03,20:24,Ewallet,9.8
235-06-8510,4,6,3,85.72,12.858,270.018,2019-01-24,20:59,Ewallet,5.1
433-08-7822,2,17,7,78.89,27.6115,579.8415,2019-01-05,19:48,Ewallet,7.5
361-85-2571,2,4,5,89.48,22.37,469.77,2019-03-30,10:18,Cash,7.4
131-70-8179,1,1,3,92.09,13.8135,290.0835,2019-02-17,16:27,Cash,4.2
500-02-2261,2,15,6,57.29,17.187,360.927,2019-03-21,17:04,Ewallet,5.9
720-72-2436,3,10,4,66.52,13.304,279.384,2019-03-02,18:14,Ewallet,6.9
702-83-5291,4,18,9,99.82,44.919,943.299,2019-03-27,10:43,Cash,6.6
809-69-9497,2,3,10,45.68,22.84,479.64,2019-01-19,19:30,Ewallet,5.7
449-16-6770,3,1,5,50.79,12.6975,266.6475,2019-02-19,14:53,Credit card,5.3
333-23-2632,4,1,7,10.08,3.528,74.088,2019-03-28,20:14,Cash,4.2
489-82-1237,2,5,7,93.88,32.858,690.018,2019-01-05,11:51,Credit card,7.3
859-97-6048,4,2,2,84.25,8.425,176.925,2019-03-26,14:13,Credit card,5.3
676-10-2200,4,8,1,53.78,2.689,56.469,2019-02-03,20:13,Ewallet,4.7
373-88-1424,4,6,5,35.81,8.9525,188.0025,2019-02-06,18:44,Ewallet,7.9
365-16-4334,2,7,8,26.43,10.572,222.012,2019-02-24,14:26,Ewallet,8.9
503-21-4385,4,13,3,39.91,5.9865,125.7165,2019-02-21,12:40,Ewallet,9.3
305-89-2768,1,12,3,21.9,3.285,68.985,2019-01-09,18:43,Ewallet,4.7
574-80-1489,1,7,4,62.85,12.57,263.97,2019-02-25,13:22,Ewallet,8.7
784-08-0310,1,15,4,21.04,4.208,88.368,2019-01-13,13:58,Cash,7.6
200-40-6154,4,12,6,65.91,19.773,415.233,2019-02-09,11:45,Cash,5.7
846-10-0341,2,14,7,42.57,14.8995,312.8895,2019-01-06,11:51,Cash,6.8
577-34-7579,4,15,9,50.49,22.7205,477.1305,2019-01-10,17:16,Cash,5.4
430-02-3888,3,9,6,46.02,13.806,289.926,2019-02-07,15:55,Cash,7.1
867-47-1948,2,6,10,15.8,7.9,165.9,2019-01-09,12:07,Cash,7.8
384-59-6655,1,10,9,98.66,44.397,932.337,2019-02-19,15:07,Cash,8.4
256-58-3609,4,18,1,91.98,4.599,96.579,2019-03-18,15:29,Cash,9.8
324-92-3863,4,5,2,20.89,2.089,43.869,2019-02-05,18:45,Cash,9.8
593-08-5916,2,14,1,15.5,0.775,16.275,2019-03-19,15:23,Credit card,7.4
364-34-2972,4,2,3,96.82,14.523,304.983,2019-03-30,20:37,Cash,6.7
794-42-3736,3,7,2,33.33,3.333,69.993,2019-01-26,14:41,Credit card,6.4
172-42-8274,2,9,2,38.27,3.827,80.367,2019-03-02,18:18,Credit card,5.8
558-60-5016,2,3,9,33.3,14.985,314.685,2019-03-04,15:27,Ewallet,7.2
195-06-0432,4,3,3,81.01,12.1515,255.1815,2019-01-13,12:55,Credit card,9.3
605-03-2706,2,1,3,15.8,2.37,49.77,2019-03-25,18:02,Cash,9.5
214-30-2776,1,9,5,34.49,8.6225,181.0725,2019-03-11,19:44,Credit card,9
746-04-1077,1,7,10,84.63,42.315,888.615,2019-01-01,11:36,Credit card,9
448-34-8700,4,12,7,36.91,12.9185,271.2885,2019-02-10,13:51,Ewallet,6.7
452-04-8808,3,9,7,87.08,30.478,640.038,2019-01-26,15:17,Cash,5.5
531-56-4728,3,3,3,80.08,12.012,252.252,2019-02-11,15:29,Cash,5.4
744-82-9138,3,18,2,86.13,8.613,180.873,2019-02-07,17:59,Cash,8.2
883-69-1285,4,8,2,49.92,4.992,104.832,2019-03-06,11:55,Credit card,7
221-25-5073,2,10,4,74.66,14.932,313.572,2019-03-04,10:39,Cash,8.5
518-71-6847,4,7,6,26.6,7.98,167.58,2019-02-26,15:10,Ewallet,4.9
156-20-0370,2,9,1,25.45,1.2725,26.7225,2019-03-10,18:10,Credit card,5.1
151-33-7434,2,7,1,67.77,3.3885,71.1585,2019-02-04,20:43,Credit card,6.5
728-47-9078,4,15,4,59.59,11.918,250.278,2019-01-19,12:46,Cash,9.8
809-46-1866,3,1,4,58.15,11.63,244.23,2019-01-23,17:44,Cash,8.4
139-32-4183,1,4,9,97.48,43.866,921.186,2019-03-14,14:19,Ewallet,7.4
148-41-7930,3,17,7,99.96,34.986,734.706,2019-01-23,10:33,Cash,6.1
189-40-5216,3,2,7,96.37,33.7295,708.3195,2019-01-09,11:40,Cash,6
374-38-5555,2,8,5,63.71,15.9275,334.4775,2019-02-07,19:30,Ewallet,8.5
764-44-8999,2,13,2,14.76,1.476,30.996,2019-02-18,14:42,Ewallet,4.3
552-44-5977,4,13,8,62,24.8,520.8,2019-01-03,19:08,Credit card,6.2
267-62-7380,4,2,10,82.34,41.17,864.57,2019-03-29,19:12,Ewallet,4.3
430-53-4718,4,13,8,75.37,30.148,633.108,2019-01-28,15:46,Credit card,8.4
886-18-2897,2,10,5,56.56,14.14,296.94,2019-03-22,19:06,Credit card,4.5
602-16-6955,2,11,10,76.6,38.3,804.3,2019-01-24,18:10,Ewallet,6
745-74-0715,3,5,2,58.03,5.803,121.863,2019-03-10,20:46,Ewallet,8.8
690-01-6631,3,8,10,17.49,8.745,183.645,2019-02-22,18:35,Ewallet,6.6
652-49-6720,1,2,1,60.95,3.0475,63.9975,2019-02-18,11:40,Ewallet,5.9
233-67-5758,3,17,1,40.35,2.0175,42.3675,2019-01-29,13:46,Ewallet,6.2
303-96-2227,2,12,10,97.38,48.69,1022.49,2019-03-02,17:16,Ewallet,4.4
727-02-1313,4,10,1,31.84,1.592,33.432,2019-02-09,13:22,Cash,7.7
347-56-2442,3,3,1,65.82,3.291,69.111,2019-02-22,15:33,Cash,4.1
849-09-3807,1,14,7,88.34,30.919,649.299,2019-02-18,13:28,Cash,6.6
